match,timestamp_utc,result,tr_after,opponent_tr
1,2024-08-16T20:47:15+00:00,defeat,7139,7139
2,2024-08-16T20:52:03+00:00,defeat,6723,9319
3,2024-08-16T20:54:59+00:00,victory,7432,7432
4,2024-08-16T20:58:09+00:00,victory,8275,10765
5,2024-08-16T21:00:37+00:00,victory,8994,8994
6,2024-08-16T21:08:03+00:00,defeat,8463,8960
7,2024-08-16T21:12:31+00:00,defeat,7980,7980
8,2024-08-16T21:17:09+00:00,victory,8823,6783
9,2024-08-16T21:25:01+00:00,victory,9741,11090
10,2024-08-16T21:33:08+00:00,victory,10330,10330
11,2024-08-16T21:36:02+00:00,defeat,9953,9953
12,2024-08-16T21:48:51+00:00,victory,10522,10522
13,2024-08-16T21:53:30+00:00,defeat,10089,10097
14,2024-08-16T21:56:53+00:00,defeat,9755,9755
15,2024-08-16T22:02:47+00:00,victory,10420,10420
16,2024-08-17T20:55:30+00:00,victory,11139,9111
17,2024-08-17T20:58:08+00:00,victory,11626,11626
18,2024-08-17T21:06:57+00:00,defeat,11309,13311
19,2024-08-17T21:13:19+00:00,defeat,11039,11848
20,2024-08-17T21:20:09+00:00,defeat,10634,10875
21,2024-08-19T21:59:59+00:00,victory,11121,10724
22,2024-08-19T22:03:09+00:00,victory,11777,9581
23,2024-08-19T22:11:37+00:00,victory,12398,12313
24,2024-08-19T22:14:24+00:00,victory,12877,12877
25,2024-08-19T22:20:36+00:00,victory,13224,12446
26,2024-08-19T22:29:34+00:00,defeat,12961,11877
27,2024-08-19T22:38:02+00:00,victory,13259,13259
28,2024-08-20T00:08:36+00:00,victory,13644,12618
29,2024-08-29T20:56:00+00:00,victory,14055,14120
30,2024-08-29T21:00:57+00:00,victory,14414,14171
31,2024-08-29T21:06:05+00:00,victory,14667,11977
32,2024-08-29T21:09:21+00:00,victory_by_dq,14937,13619
33,2024-08-29T21:20:27+00:00,victory,15280,15209
34,2024-08-29T21:33:32+00:00,victory,15609,15715
35,2024-08-29T21:47:22+00:00,victory,15891,15426
36,2024-08-29T21:54:50+00:00,victory,16185,16124
37,2024-08-29T22:06:21+00:00,defeat,15912,14912
38,2024-08-29T22:15:01+00:00,defeat,15751,17292
39,2024-08-30T00:04:58+00:00,victory,16017,15573
40,2024-08-30T00:22:43+00:00,victory,16307,14839
41,2024-08-30T00:30:49+00:00,victory,16526,15546
42,2024-08-30T20:42:26+00:00,victory,16644,14937
43,2024-08-30T20:50:55+00:00,victory,16887,16652
44,2024-08-30T21:02:20+00:00,defeat,16676,16372
45,2024-08-30T21:08:56+00:00,defeat,16509,16509
46,2024-08-30T21:20:16+00:00,victory,16650,15856
47,2024-08-30T21:28:11+00:00,victory,16882,15534
48,2024-08-30T21:47:36+00:00,victory,17060,15747
49,2024-08-30T21:52:22+00:00,defeat,16844,16844
50,2024-08-31T18:53:22+00:00,victory,17049,16282
51,2024-08-31T19:02:23+00:00,victory,17291,17409
52,2024-08-31T19:10:24+00:00,defeat,17090,16667
53,2024-08-31T19:18:41+00:00,defeat,16903,16919
54,2024-08-31T19:26:04+00:00,victory,17114,16626
55,2024-08-31T19:34:20+00:00,defeat,16931,16945
56,2024-08-31T19:40:57+00:00,defeat,16722,16178
57,2024-09-01T22:54:47+00:00,victory,16998,17765
58,2024-09-01T23:09:13+00:00,defeat,16802,16493
59,2024-09-01T23:22:47+00:00,defeat,16584,15770
60,2024-09-10T14:30:55+00:00,defeat,16391,15460
61,2024-09-10T14:42:23+00:00,victory,16611,16611
62,2024-09-10T14:54:07+00:00,defeat,16491,17650
63,2024-09-11T16:50:55+00:00,defeat,16291,16177
64,2024-09-11T16:57:36+00:00,victory,16494,13735
65,2024-09-11T17:05:06+00:00,victory,16710,16220
66,2024-09-11T17:12:59+00:00,victory_by_dq,16865,15878
67,2024-09-11T17:30:15+00:00,victory,17115,17546
68,2024-09-11T17:32:26+00:00,no_contest,17115,17594
69,2024-09-11T17:40:22+00:00,victory,17291,16296
70,2024-09-11T17:48:36+00:00,victory,17474,16795
71,2024-09-11T17:59:04+00:00,victory,17685,17549
72,2024-09-11T18:06:33+00:00,victory,17835,16646
73,2024-09-11T18:14:22+00:00,defeat,17681,17862
74,2024-09-11T22:49:36+00:00,no_contest,17681,18445
75,2024-09-11T22:58:46+00:00,defeat,17531,17810
76,2024-09-11T23:06:15+00:00,victory,17713,17203
77,2024-09-11T23:12:07+00:00,defeat,17581,18324
78,2024-09-12T20:44:59+00:00,defeat,17449,18256
79,2024-09-12T20:56:52+00:00,victory,17633,17145
80,2024-09-12T21:01:30+00:00,victory,17816,17453
81,2024-09-15T22:06:33+00:00,defeat,17677,18165
82,2024-09-15T22:12:54+00:00,defeat,17541,18147
83,2024-09-15T22:21:29+00:00,victory,17699,16704
84,2024-09-15T22:30:48+00:00,defeat,17529,17261
85,2024-09-15T22:39:41+00:00,defeat,17407,18416
86,2024-09-16T22:11:03+00:00,defeat,17262,17780
87,2024-09-17T18:56:47+00:00,victory,17454,16628
88,2024-09-17T19:05:22+00:00,victory,17656,16374
89,2024-09-17T19:12:33+00:00,defeat,17532,17532
90,2024-09-17T19:24:07+00:00,victory,17696,16881
91,2024-09-17T19:31:30+00:00,defeat,17552,17887
92,2024-09-21T16:03:04+00:00,victory,17754,17824
93,2024-09-21T16:13:58+00:00,victory,17912,17083
94,2024-09-21T16:20:43+00:00,defeat,17777,18254
95,2024-09-21T16:36:31+00:00,victory,17970,17992
96,2024-09-21T16:48:43+00:00,victory,18175,18559
97,2024-09-21T16:58:24+00:00,defeat,18055,18094
98,2024-09-22T22:12:50+00:00,defeat,17930,17850
99,2024-09-22T22:25:04+00:00,victory,18060,16681
100,2024-09-22T22:37:47+00:00,victory,18144,16782
101,2024-09-22T22:46:07+00:00,defeat,18045,18045
102,2024-09-23T20:07:05+00:00,defeat,17941,18546
103,2024-09-23T20:14:47+00:00,defeat,17813,18434
104,2024-09-24T21:38:51+00:00,defeat,17640,17118
105,2024-09-24T21:47:42+00:00,victory,17913,18061
106,2024-09-24T21:57:13+00:00,victory,18107,17092
107,2024-09-24T22:08:18+00:00,defeat,18031,19442
108,2024-09-24T22:18:29+00:00,defeat,17907,17861
109,2024-10-09T20:25:53+00:00,victory,18128,17208
110,2024-10-09T20:34:25+00:00,defeat,18003,18597
111,2024-10-09T20:45:24+00:00,defeat,17864,18124
112,2024-10-09T20:52:19+00:00,victory,18116,17397
113,2024-10-09T20:57:42+00:00,victory,18256,18225
114,2024-10-09T21:02:02+00:00,defeat,18127,18396
115,2024-10-09T21:11:00+00:00,defeat,18008,18581
116,2024-10-10T20:33:40+00:00,defeat,17879,18171
117,2024-10-22T22:04:40+00:00,victory,18208,18307
118,2024-10-22T22:11:28+00:00,victory,18358,18197
119,2024-10-22T22:16:54+00:00,victory,18503,18379
120,2024-10-22T22:25:13+00:00,defeat,18359,18423
121,2024-10-25T21:26:30+00:00,defeat,18227,18577
122,2024-10-25T21:30:50+00:00,victory,18346,17596
123,2024-10-25T21:36:45+00:00,victory,18468,17912
124,2024-10-25T21:48:02+00:00,victory,18593,18283
125,2024-10-30T22:22:03+00:00,defeat,18482,19081
126,2024-10-30T22:29:14+00:00,victory,18639,19247
127,2024-10-30T22:35:44+00:00,victory,18770,18855
128,2024-10-30T22:46:27+00:00,victory,18898,18989
129,2024-11-07T00:18:53+00:00,defeat,18805,19750
130,2024-11-07T23:44:06+00:00,defeat,18733,20157
131,2024-11-07T23:55:02+00:00,victory_by_dq,18868,19107
132,2024-11-08T00:07:38+00:00,defeat,18736,18486
133,2024-11-08T00:14:43+00:00,defeat,18611,18629
134,2024-11-08T00:22:10+00:00,victory,18738,18769
135,2024-11-08T23:13:50+00:00,victory,18845,18434
136,2024-11-09T19:49:22+00:00,victory,18959,18810
137,2024-11-09T19:55:23+00:00,victory,19026,17309
138,2024-11-09T20:04:23+00:00,victory,19114,18329
139,2024-11-10T01:02:28+00:00,defeat,18998,18788
140,2024-11-10T01:07:44+00:00,defeat,18899,19340
141,2024-11-11T23:03:12+00:00,victory,19016,19114
142,2024-11-11T23:12:31+00:00,victory,19117,18833
143,2024-11-11T23:18:09+00:00,victory,19226,19239
144,2024-11-11T23:28:01+00:00,victory,19309,18592
145,2024-11-11T23:39:42+00:00,victory,19400,19029
146,2024-11-11T23:48:48+00:00,victory,19484,18942
147,2024-11-11T23:59:37+00:00,defeat,19366,18773
148,2024-11-12T22:24:09+00:00,defeat,19291,20074
149,2024-11-12T22:33:09+00:00,defeat,19189,19230
150,2024-11-12T22:40:09+00:00,victory,19302,19579
151,2024-11-12T22:54:02+00:00,defeat,19218,19781
152,2024-11-13T21:54:06+00:00,victory,19277,17563
153,2024-11-13T22:07:13+00:00,victory,19380,19436
154,2024-11-13T22:15:42+00:00,defeat,19263,18648
155,2024-11-13T23:32:37+00:00,defeat,19168,19385
156,2024-11-13T23:43:08+00:00,victory,19264,19055
157,2024-11-13T23:48:38+00:00,defeat,19171,18197
158,2024-11-13T23:59:05+00:00,victory,19264,18984
159,2024-11-17T23:23:50+00:00,victory,19336,18331
160,2024-11-17T23:38:26+00:00,defeat,19269,20201
161,2024-11-17T23:50:53+00:00,victory,19358,19012
162,2024-11-17T23:57:50+00:00,defeat,19259,19268
163,2024-11-19T14:53:23+00:00,defeat,19183,19952
164,2024-11-19T15:05:58+00:00,defeat,19065,18521
165,2024-11-19T15:13:46+00:00,defeat,18972,19347
166,2024-11-19T21:32:25+00:00,victory,19077,19089
167,2024-11-19T21:48:19+00:00,defeat,18992,19589
168,2024-11-19T21:55:55+00:00,defeat,18888,18939
169,2024-11-19T22:03:53+00:00,defeat,18773,18555
170,2024-11-19T22:13:47+00:00,victory,18865,18309
171,2024-11-20T23:19:49+00:00,victory,18937,17645
172,2024-11-20T23:26:08+00:00,victory,19039,18966
173,2024-11-20T23:33:33+00:00,defeat,18950,19427
174,2024-11-21T19:54:15+00:00,victory,19058,19171
175,2024-11-21T20:02:48+00:00,defeat,18952,18876
176,2024-11-21T20:18:04+00:00,victory,19083,19906
177,2024-11-21T20:25:11+00:00,defeat,18970,18657
178,2024-11-21T20:36:49+00:00,defeat,18903,20054
179,2024-11-21T23:24:16+00:00,victory,18987,18264
180,2024-11-21T23:31:40+00:00,victory_by_dq,19092,19141
181,2024-11-21T23:41:58+00:00,victory,19170,18330
182,2024-11-21T23:58:13+00:00,defeat,19063,18863
183,2024-11-22T00:17:24+00:00,defeat,18952,18712
184,2024-11-23T21:25:36+00:00,victory,19054,18989
185,2024-11-23T21:29:05+00:00,no_contest,19054,19178
186,2024-11-23T21:35:36+00:00,defeat,18957,19163
187,2024-11-23T21:42:58+00:00,victory,19039,18302
188,2024-11-23T21:52:41+00:00,victory,19116,18200
189,2024-11-28T00:33:47+00:00,defeat,19012,17460
190,2024-11-28T00:40:37+00:00,victory,19107,18851
191,2024-11-28T00:45:36+00:00,victory,19190,18598
192,2024-11-28T00:53:43+00:00,defeat,19091,19128
193,2024-11-28T00:59:15+00:00,defeat,18980,18698
194,2024-11-28T01:07:39+00:00,defeat,18879,18990
195,2024-11-28T15:08:53+00:00,defeat,18775,18835
196,2024-11-28T15:17:00+00:00,victory,18871,18509
197,2024-11-28T15:25:04+00:00,victory,18953,18159
198,2024-11-28T15:34:18+00:00,victory,19059,19141
199,2024-11-28T21:51:25+00:00,victory,19149,18799
200,2024-11-28T22:00:24+00:00,victory,19242,19046
201,2024-11-28T22:10:54+00:00,victory,19343,19459
202,2024-11-28T22:20:59+00:00,victory,19424,18967
203,2024-11-28T22:29:37+00:00,defeat,19338,19627
204,2024-11-28T23:46:59+00:00,defeat,19239,19146
205,2024-11-29T20:11:56+00:00,victory,19328,19058
206,2024-11-29T20:19:14+00:00,defeat,19231,19204
207,2024-11-29T22:18:05+00:00,defeat,19144,19431
208,2024-11-29T22:30:11+00:00,defeat,19046,19132
209,2024-11-29T22:36:08+00:00,defeat,18943,18930
210,2024-11-30T00:06:58+00:00,victory,19049,19174
211,2024-12-02T00:02:27+00:00,defeat,18938,18632
212,2024-12-02T00:09:39+00:00,victory,19037,18921
213,2024-12-02T00:14:12+00:00,victory,19107,17959
214,2024-12-02T19:15:24+00:00,defeat,19025,19599
215,2024-12-02T19:21:38+00:00,defeat,18926,19048
216,2024-12-03T00:23:58+00:00,defeat,18825,18946
217,2024-12-03T00:28:09+00:00,victory,18941,19306
218,2024-12-03T21:22:27+00:00,defeat,18838,18885
219,2024-12-04T23:21:33+00:00,victory,18960,19519
220,2024-12-04T23:32:38+00:00,victory,19025,17575
221,2024-12-04T23:39:52+00:00,victory,19108,18443
222,2024-12-04T23:47:17+00:00,victory,19215,19486
223,2024-12-05T00:59:18+00:00,victory,19283,18145
224,2024-12-05T01:06:30+00:00,victory,19373,19155
225,2024-12-06T20:34:59+00:00,victory,19459,19174
226,2024-12-06T20:44:33+00:00,victory,19541,19169
227,2024-12-06T20:49:40+00:00,defeat,19455,19646
228,2024-12-06T20:58:14+00:00,defeat,19375,19839
229,2024-12-06T21:07:42+00:00,victory,19474,19637
230,2024-12-06T22:27:02+00:00,defeat,19400,20019
231,2024-12-06T22:33:21+00:00,victory,19499,19679
232,2024-12-06T22:43:20+00:00,nullified,19411,19584
233,2024-12-07T22:56:14+00:00,defeat,19424,19992
234,2024-12-07T23:05:21+00:00,victory,19479,17955
235,2024-12-07T23:13:27+00:00,victory,19565,19338
236,2024-12-07T23:24:11+00:00,defeat,19464,19180
237,2024-12-07T23:32:57+00:00,defeat,19356,18870
238,2024-12-08T20:03:00+00:00,defeat,19249,18894
239,2024-12-08T20:10:44+00:00,victory,19352,19537
240,2024-12-08T20:18:38+00:00,defeat,19262,19496
241,2024-12-08T20:30:24+00:00,defeat,19174,19473
242,2024-12-08T20:42:18+00:00,defeat,19064,18747
243,2024-12-08T20:48:53+00:00,victory,19149,18047
244,2024-12-08T20:54:26+00:00,victory,19233,18716
245,2024-12-08T21:03:05+00:00,victory,19308,18520
246,2024-12-08T21:14:35+00:00,defeat,19210,19189
247,2024-12-09T21:18:27+00:00,victory,19309,19352
248,2024-12-09T21:26:33+00:00,defeat,19216,19338
249,2024-12-09T21:34:10+00:00,victory,19286,18287
250,2024-12-09T21:46:14+00:00,victory,19384,19464
251,2024-12-09T21:53:08+00:00,defeat,19277,18879
252,2024-12-09T22:00:44+00:00,victory,19358,18810
253,2024-12-09T22:07:56+00:00,defeat,19268,19453
254,2024-12-09T22:16:30+00:00,victory,19342,18487
255,2024-12-10T22:35:44+00:00,defeat,19229,18646
256,2024-12-10T22:53:41+00:00,victory,19302,18419
257,2024-12-10T23:02:17+00:00,victory,19408,19723
258,2024-12-10T23:10:41+00:00,victory,19488,19040
259,2024-12-11T19:50:04+00:00,victory,19577,19432
260,2024-12-11T20:01:07+00:00,victory,19653,19116
261,2024-12-11T20:14:13+00:00,defeat,19567,19712
262,2024-12-11T20:19:23+00:00,victory,19657,19638
263,2024-12-11T20:31:24+00:00,victory,19761,20270
264,2024-12-12T01:57:09+00:00,victory,19874,19459
265,2024-12-12T20:33:56+00:00,defeat,19826,21246
266,2024-12-12T20:47:40+00:00,victory,19964,20119
267,2024-12-12T20:58:35+00:00,defeat,19850,19527
268,2024-12-13T19:49:25+00:00,defeat,19769,20366
269,2024-12-14T20:01:31+00:00,victory,19890,19651
270,2024-12-14T20:16:40+00:00,defeat,19803,20259
271,2024-12-14T20:26:41+00:00,victory,19933,19914
272,2024-12-14T20:49:44+00:00,victory,20022,19114
273,2024-12-14T21:14:14+00:00,defeat,19931,19676
274,2024-12-14T21:45:00+00:00,defeat,19855,20543
275,2024-12-14T21:53:57+00:00,defeat,19769,20228
276,2024-12-14T22:05:34+00:00,defeat,19658,19519
277,2024-12-14T22:16:45+00:00,defeat,19590,20172
278,2024-12-14T23:46:16+00:00,victory,19662,18996
279,2024-12-14T23:54:34+00:00,defeat,19567,19391
280,2024-12-15T00:04:33+00:00,victory,19665,19900
281,2024-12-15T00:16:57+00:00,defeat,19591,20127
282,2024-12-15T00:22:53+00:00,defeat,19501,19557
283,2024-12-15T00:30:44+00:00,defeat,19429,20086
284,2024-12-15T00:35:22+00:00,defeat,19339,19516
285,2024-12-15T00:42:55+00:00,defeat,19237,19064
286,2024-12-15T00:50:24+00:00,victory,19346,19705
287,2024-12-15T00:59:38+00:00,defeat,19258,19550
288,2024-12-15T22:55:58+00:00,defeat,19181,19840
289,2024-12-15T22:59:26+00:00,no_contest,19181,20014
290,2024-12-15T23:07:17+00:00,victory,19256,18422
291,2024-12-16T00:06:04+00:00,victory,19337,18792
292,2024-12-16T00:14:58+00:00,defeat,19245,19273
293,2024-12-16T00:27:40+00:00,defeat,19166,19802
294,2024-12-16T00:35:02+00:00,victory,19231,17954
295,2024-12-16T21:02:23+00:00,victory,19323,19137
296,2024-12-16T21:10:04+00:00,defeat,19224,19157
297,2024-12-16T21:17:33+00:00,victory,19332,19661
298,2024-12-16T21:26:21+00:00,victory,19412,18900
299,2024-12-16T21:35:44+00:00,defeat,19327,19662
300,2024-12-16T21:43:45+00:00,defeat,19214,18642
301,2024-12-16T21:51:18+00:00,victory_by_dq,19310,19270
302,2024-12-16T22:06:48+00:00,defeat,19208,19025
303,2024-12-17T20:34:56+00:00,victory,19290,18752
304,2024-12-17T20:47:11+00:00,victory,19365,18641
305,2024-12-17T20:56:00+00:00,defeat,19262,19007
306,2024-12-17T21:04:34+00:00,victory,19340,18698
307,2024-12-17T21:10:13+00:00,victory,19433,19370
308,2024-12-17T21:21:51+00:00,defeat,19340,19391
309,2024-12-17T21:41:58+00:00,victory,19407,18360
310,2024-12-17T22:45:54+00:00,defeat,19314,19401
311,2024-12-17T22:54:16+00:00,defeat,19211,19002
312,2024-12-18T21:19:03+00:00,victory,19316,19574
313,2024-12-18T21:25:33+00:00,victory,19414,19503
314,2024-12-18T21:37:05+00:00,victory,19479,18410
315,2024-12-18T21:43:36+00:00,defeat,19399,19830
316,2024-12-18T21:49:47+00:00,defeat,19294,18916
317,2024-12-18T21:55:31+00:00,victory,19393,19503
318,2024-12-18T22:01:42+00:00,defeat,19302,19452
319,2024-12-18T23:09:29+00:00,victory,19402,19528
320,2024-12-18T23:16:48+00:00,victory,19489,19267
321,2024-12-18T23:23:56+00:00,victory,19572,19262
322,2024-12-18T23:31:55+00:00,victory,19653,19333
323,2024-12-18T23:39:41+00:00,victory_by_dq,19721,19012
324,2024-12-18T23:49:22+00:00,defeat,19624,19326
325,2024-12-18T23:59:16+00:00,victory,19702,19262
326,2024-12-19T00:15:22+00:00,victory,19798,20076
327,2024-12-19T20:54:36+00:00,defeat,19714,20279
328,2024-12-19T21:06:29+00:00,defeat,19635,19942
329,2024-12-19T21:20:32+00:00,victory,19729,19908
330,2024-12-19T21:29:19+00:00,defeat,19640,19599
331,2024-12-19T21:41:01+00:00,defeat,19559,19873
332,2024-12-19T21:47:48+00:00,victory,19645,19513
333,2024-12-19T21:55:29+00:00,defeat,19575,20191
334,2024-12-19T22:05:24+00:00,defeat,19500,20016
335,2024-12-19T22:16:56+00:00,victory,19596,19737
336,2024-12-19T22:27:24+00:00,victory,19655,18496
337,2024-12-19T22:37:44+00:00,victory,19745,19808
338,2024-12-19T22:49:49+00:00,victory,19825,19596
339,2024-12-19T23:02:35+00:00,victory,19932,19419
340,2024-12-19T23:13:29+00:00,defeat,19851,20386
341,2024-12-19T23:27:39+00:00,defeat,19729,19219
342,2024-12-20T00:54:48+00:00,defeat,19632,19342
343,2024-12-20T00:58:39+00:00,victory_by_dq,19711,19370
344,2024-12-20T01:03:12+00:00,defeat,19652,20328
345,2024-12-20T01:10:05+00:00,defeat,19559,19493
346,2024-12-20T19:55:46+00:00,defeat,19450,18774
347,2024-12-20T20:02:10+00:00,victory,19541,19422
348,2024-12-20T20:19:22+00:00,victory,19626,19433
349,2024-12-20T20:29:46+00:00,defeat,19515,18811
350,2024-12-20T20:39:16+00:00,defeat,19422,19431
351,2024-12-20T20:48:03+00:00,victory,19494,18687
352,2024-12-20T20:56:15+00:00,victory,19570,19002
353,2024-12-20T21:04:10+00:00,defeat,19495,19893
354,2024-12-20T21:17:06+00:00,defeat,19391,18993
355,2024-12-20T21:25:55+00:00,defeat,19324,20204
356,2024-12-20T21:39:58+00:00,victory,19445,20255
357,2024-12-20T21:46:19+00:00,victory,19525,19038
358,2024-12-20T21:54:33+00:00,victory,19608,19302
359,2024-12-20T22:10:52+00:00,defeat,19513,19426
360,2024-12-20T22:25:49+00:00,victory,19613,19844
361,2024-12-20T22:58:41+00:00,defeat,19525,19642
362,2024-12-20T23:11:38+00:00,defeat,19417,18890
363,2024-12-21T21:22:13+00:00,defeat,19327,18136
364,2024-12-21T21:31:49+00:00,victory,19423,19409
365,2024-12-21T21:39:18+00:00,victory,19508,19232
366,2024-12-21T21:52:39+00:00,victory,19612,19990
367,2024-12-21T22:03:47+00:00,victory,19691,19325
368,2024-12-21T22:24:52+00:00,victory,19787,20067
369,2024-12-21T22:33:45+00:00,victory,19887,20294
370,2024-12-21T22:48:10+00:00,defeat,19797,20165
371,2024-12-21T22:58:55+00:00,defeat,19687,19557
372,2024-12-21T23:08:59+00:00,victory,19767,19501
373,2024-12-21T23:18:57+00:00,defeat,19717,20897
374,2024-12-21T23:24:58+00:00,defeat,19630,19688
375,2024-12-21T23:37:10+00:00,victory,19726,19956
376,2024-12-22T20:56:47+00:00,defeat,19632,19458
377,2024-12-22T21:05:47+00:00,victory,19741,20364
378,2024-12-22T21:15:21+00:00,victory,19824,19663
379,2024-12-22T21:32:35+00:00,victory,19938,19598
380,2024-12-22T21:44:38+00:00,defeat,19819,19341
381,2024-12-22T21:56:53+00:00,victory,19938,19557
382,2024-12-22T22:09:14+00:00,defeat,19824,19511
383,2024-12-22T22:24:02+00:00,victory,19951,19881
384,2024-12-22T22:38:57+00:00,defeat,19859,20128
385,2024-12-22T23:45:49+00:00,victory,19979,19789
386,2024-12-22T23:58:17+00:00,defeat,19885,20073
387,2024-12-23T00:05:57+00:00,defeat,19753,18866
388,2024-12-23T00:22:20+00:00,victory,19843,19946
389,2024-12-23T00:35:25+00:00,defeat,19723,19290
390,2024-12-23T19:16:21+00:00,defeat,19626,19364
391,2024-12-23T19:25:04+00:00,defeat,19547,19925
392,2024-12-23T19:36:38+00:00,defeat,19491,20600
393,2024-12-23T19:48:00+00:00,victory,19581,19450
394,2024-12-23T19:58:54+00:00,defeat,19494,19683
395,2024-12-23T20:06:29+00:00,victory,19587,19596
396,2024-12-23T20:18:14+00:00,defeat,19483,19070
397,2024-12-23T20:29:19+00:00,victory,19549,18581
398,2024-12-23T20:37:46+00:00,defeat,19459,19541
399,2024-12-23T20:46:39+00:00,defeat,19374,19645
400,2024-12-23T20:58:56+00:00,defeat,19291,19702
401,2024-12-23T21:13:45+00:00,victory,19379,19129
402,2024-12-23T21:22:41+00:00,defeat,19267,18543
403,2024-12-23T21:30:04+00:00,victory,19357,19141
404,2024-12-23T21:40:34+00:00,defeat,19262,19284
405,2024-12-23T21:50:00+00:00,defeat,19160,19055
406,2024-12-23T22:11:15+00:00,defeat,19071,19420
407,2024-12-23T23:51:44+00:00,victory,19190,19800
408,2024-12-24T00:00:03+00:00,defeat,19098,19236
409,2024-12-24T00:06:18+00:00,defeat,18999,19088
410,2024-12-24T00:11:16+00:00,victory,19091,18791
411,2024-12-24T00:19:58+00:00,defeat,19000,19320
412,2024-12-24T17:11:06+00:00,defeat,18905,19194
413,2024-12-24T17:16:29+00:00,victory,19004,18836
414,2024-12-24T17:24:43+00:00,victory,19098,18857
415,2024-12-24T22:55:46+00:00,victory,19193,19040
416,2024-12-24T23:05:30+00:00,victory,19267,19267
417,2024-12-24T23:15:42+00:00,victory,19321,17541
418,2024-12-24T23:22:58+00:00,defeat,19222,19182
419,2024-12-24T23:28:11+00:00,defeat,19115,18862
420,2024-12-24T23:37:16+00:00,victory,19182,17937
421,2024-12-24T23:50:26+00:00,defeat,19092,19445
422,2024-12-24T23:58:33+00:00,victory,19186,18940
423,2024-12-25T00:05:48+00:00,victory,19259,18328
424,2024-12-25T00:14:15+00:00,defeat,19163,19251
425,2024-12-25T00:32:28+00:00,defeat,19076,19512
426,2024-12-25T00:38:07+00:00,victory,19157,18471
427,2024-12-25T19:02:29+00:00,defeat,19064,19328
428,2024-12-25T19:09:17+00:00,defeat,18929,17719
429,2024-12-25T19:15:39+00:00,victory,19036,19128
430,2024-12-25T19:23:39+00:00,victory,19113,18223
431,2024-12-25T19:33:49+00:00,defeat,19012,19027
432,2024-12-25T19:45:57+00:00,defeat,18921,19277
433,2024-12-25T19:55:48+00:00,victory,19009,18473
434,2024-12-25T20:03:42+00:00,defeat,18924,19180
435,2024-12-25T20:10:47+00:00,victory,19015,18566
436,2024-12-25T20:20:13+00:00,defeat,18912,18937
437,2024-12-25T20:29:38+00:00,victory,19002,18488
438,2024-12-25T20:42:53+00:00,victory,19133,20025
439,2024-12-25T20:48:30+00:00,defeat,19035,19149
440,2024-12-25T20:56:01+00:00,defeat,18952,19589
441,2024-12-25T21:03:17+00:00,victory,19037,18408
442,2024-12-25T21:11:50+00:00,defeat,18971,20094
443,2024-12-25T21:17:57+00:00,victory,19064,18726
444,2024-12-25T21:28:26+00:00,defeat,18976,19460
445,2024-12-25T21:34:33+00:00,defeat,18868,18749
446,2024-12-25T23:19:40+00:00,defeat,18765,18885
447,2024-12-25T23:28:31+00:00,victory,18868,18725
448,2024-12-25T23:35:18+00:00,victory,18970,18883
449,2024-12-25T23:44:44+00:00,victory,19076,19216
450,2024-12-25T23:50:14+00:00,victory,19168,18869
451,2024-12-25T23:53:52+00:00,defeat,19067,19046
452,2024-12-26T00:02:35+00:00,defeat,18968,19064
453,2024-12-26T21:56:39+00:00,victory,19066,18940
454,2024-12-26T22:11:05+00:00,victory,19164,19086
455,2024-12-26T22:19:54+00:00,defeat,19058,18868
456,2024-12-26T22:26:44+00:00,victory,19133,18208
457,2024-12-26T22:34:12+00:00,defeat,19036,19134
458,2024-12-26T22:45:13+00:00,defeat,18943,19236
459,2024-12-26T22:54:00+00:00,victory,19009,17610
460,2024-12-26T22:58:23+00:00,victory,19111,19130
461,2024-12-26T23:04:39+00:00,defeat,19019,19321
462,2024-12-26T23:11:57+00:00,defeat,18944,19235
463,2024-12-26T23:19:43+00:00,defeat,18856,19389
464,2024-12-26T23:27:19+00:00,victory,18960,18941
465,2024-12-27T19:25:13+00:00,victory,19051,18649
466,2024-12-27T19:32:49+00:00,victory,19137,18645
467,2024-12-27T19:46:20+00:00,defeat,19035,18980
468,2024-12-27T19:53:32+00:00,defeat,18939,19163
469,2024-12-27T20:01:01+00:00,victory,19033,18692
470,2024-12-27T20:14:46+00:00,victory,19119,18552
471,2024-12-27T20:25:55+00:00,victory,19217,19167
472,2024-12-27T20:36:01+00:00,defeat,19116,19058
473,2024-12-27T21:30:27+00:00,defeat,19017,19066
474,2024-12-27T21:42:28+00:00,victory,19114,18991
475,2024-12-27T21:59:06+00:00,defeat,19037,19789
476,2024-12-27T22:06:36+00:00,victory,19147,19417
477,2024-12-27T22:18:05+00:00,victory,19242,19142
478,2024-12-27T22:25:06+00:00,defeat,19144,19156
479,2024-12-27T22:35:37+00:00,victory,19243,19242
480,2024-12-29T22:17:57+00:00,victory,19339,19351
481,2024-12-29T22:24:43+00:00,victory,19425,19120
482,2024-12-29T22:32:34+00:00,defeat,19357,20014
483,2024-12-29T22:38:56+00:00,victory,19418,19418
484,2024-12-29T22:51:56+00:00,victory,19509,19423
485,2024-12-29T23:01:38+00:00,victory,19590,19228
486,2024-12-29T23:16:45+00:00,defeat,19523,20273
487,2024-12-29T23:25:09+00:00,victory,19607,19358
488,2024-12-29T23:35:52+00:00,defeat,19523,19755
489,2024-12-30T01:12:55+00:00,victory,19618,19747
490,2024-12-30T01:20:28+00:00,victory,19712,19868
491,2024-12-30T01:33:59+00:00,defeat,19622,19334
492,2024-12-30T01:41:00+00:00,victory,19705,19498
493,2024-12-30T01:46:01+00:00,defeat,19613,19511
494,2024-12-30T21:35:39+00:00,victory,19710,19947
495,2024-12-30T21:43:14+00:00,defeat,19626,19808
496,2024-12-30T21:48:53+00:00,defeat,19530,19330
497,2024-12-30T21:56:14+00:00,defeat,19407,18274
498,2024-12-30T22:01:38+00:00,victory,19491,19154
499,2024-12-30T22:11:52+00:00,victory,19564,17484
500,2024-12-30T22:21:44+00:00,defeat,19483,19849
501,2024-12-30T22:35:57+00:00,victory,19575,19581
502,2024-12-30T22:49:18+00:00,victory,19648,18999
503,2024-12-30T22:58:07+00:00,victory,19708,18609
504,2024-12-30T23:45:22+00:00,defeat,19605,19128
505,2024-12-30T23:52:42+00:00,defeat,19513,19520
506,2024-12-31T20:21:14+00:00,victory,19610,19795
507,2024-12-31T20:35:34+00:00,defeat,19532,19940
508,2024-12-31T20:42:32+00:00,victory,19606,18988
509,2024-12-31T20:56:30+00:00,victory,19700,19848
510,2024-12-31T21:09:44+00:00,victory,19751,18247
511,2024-12-31T21:19:01+00:00,victory,19816,19016
512,2025-01-01T21:43:39+00:00,no_contest,19816,19705
513,2025-01-01T21:48:24+00:00,defeat,19727,19658
514,2025-01-01T21:54:28+00:00,defeat,19627,19254
515,2025-01-01T22:03:24+00:00,victory,19699,19084
516,2025-01-01T22:12:49+00:00,defeat,19601,19319
517,2025-01-01T22:20:46+00:00,victory,19669,18859
518,2025-01-01T22:32:44+00:00,victory,19756,19712
519,2025-01-01T22:42:14+00:00,defeat,19695,20523
520,2025-01-01T22:45:31+00:00,defeat_by_dq,19640,20709
521,2025-01-01T22:56:08+00:00,victory,19708,18920
522,2025-01-01T23:08:01+00:00,victory,19793,19676
523,2025-01-01T23:14:45+00:00,defeat,19705,19663
524,2025-01-01T23:20:57+00:00,defeat,19619,19753
525,2025-01-01T23:41:03+00:00,defeat,19562,20592
526,2025-01-01T23:52:42+00:00,victory,19636,19044
527,2025-01-02T21:41:07+00:00,victory,19715,19352
528,2025-01-02T21:56:15+00:00,defeat,19628,19709
529,2025-01-02T22:02:22+00:00,defeat,19544,19755
530,2025-01-02T22:11:07+00:00,defeat,19464,19839
531,2025-01-02T22:19:54+00:00,victory,19553,19393
532,2025-01-02T22:29:39+00:00,victory,19638,19450
533,2025-01-02T22:48:21+00:00,victory,19705,18875
534,2025-01-02T22:59:06+00:00,victory,19798,19982
535,2025-01-03T00:28:07+00:00,defeat,19715,19736
536,2025-01-03T20:16:07+00:00,victory,19785,19146
537,2025-01-03T20:24:50+00:00,victory,19861,19510
538,2025-01-03T20:33:50+00:00,defeat,19770,19592
539,2025-01-03T20:44:56+00:00,victory_by_dq,19855,19829
540,2025-01-03T20:52:34+00:00,victory,19930,19590
541,2025-01-03T21:04:57+00:00,defeat,19850,19980
542,2025-01-03T21:16:19+00:00,victory,19929,19755
543,2025-01-03T21:35:16+00:00,victory,20007,19836
544,2025-01-03T21:49:33+00:00,defeat,19933,20220
545,2025-01-03T23:25:46+00:00,defeat,19829,19113
546,2025-01-04T20:37:10+00:00,defeat,19771,20656
547,2025-01-04T20:47:57+00:00,defeat,19697,20123
548,2025-01-04T21:02:08+00:00,victory,19764,19021
549,2025-01-04T21:10:38+00:00,defeat,19685,19975
550,2025-01-04T21:24:42+00:00,defeat,19607,19954
551,2025-01-04T21:35:21+00:00,defeat,19549,20586
552,2025-01-04T21:46:07+00:00,defeat,19477,20111
553,2025-01-04T21:53:32+00:00,defeat,19389,19573
554,2025-01-04T22:03:43+00:00,defeat,19304,19657
555,2025-01-04T22:14:09+00:00,victory,19381,18706
556,2025-01-05T21:50:04+00:00,victory,19483,19762
557,2025-01-05T22:00:19+00:00,defeat,19406,19906
558,2025-01-05T22:12:28+00:00,defeat,19303,18981
559,2025-01-05T22:21:32+00:00,victory,19416,19957
560,2025-01-05T22:31:09+00:00,victory,19490,18788
561,2025-01-05T22:50:56+00:00,victory,19597,20070
562,2025-01-06T00:13:19+00:00,victory,19686,19669
563,2025-01-06T00:23:16+00:00,defeat,19597,19528
564,2025-01-06T00:34:33+00:00,defeat,19488,18887
565,2025-01-06T22:11:48+00:00,defeat,19406,19792
566,2025-01-06T22:18:29+00:00,victory,19489,19126
567,2025-01-06T22:30:05+00:00,defeat,19398,19483
568,2025-01-06T22:44:47+00:00,defeat,19285,18642
569,2025-01-06T22:55:08+00:00,defeat,19193,19372
570,2025-01-07T23:21:50+00:00,victory,19292,19340
571,2025-01-07T23:32:29+00:00,defeat,19193,19144
572,2025-01-07T23:42:16+00:00,defeat,19105,19462
573,2025-01-07T23:50:43+00:00,victory,19190,18693
574,2025-01-08T00:02:05+00:00,defeat,19090,19070
575,2025-01-08T00:08:41+00:00,victory,19157,17924
576,2025-01-08T00:19:10+00:00,defeat,19064,19264
577,2025-01-08T20:11:04+00:00,victory,19152,18704
578,2025-01-08T20:21:52+00:00,victory,19264,19698
579,2025-01-08T20:35:36+00:00,victory,19354,19137
580,2025-01-08T20:39:28+00:00,victory,19445,19314
581,2025-01-08T20:51:27+00:00,victory,19529,19254
582,2025-01-08T21:00:27+00:00,defeat,19440,19561
583,2025-01-08T21:09:57+00:00,defeat,19347,19372
584,2025-01-08T22:59:40+00:00,victory,19438,19298
585,2025-01-08T23:08:28+00:00,victory,19528,19447
586,2025-01-08T23:18:05+00:00,victory,19626,19865
587,2025-01-08T23:28:02+00:00,victory,19711,19595
588,2025-01-08T23:45:07+00:00,defeat,19633,19974
589,2025-01-08T23:58:28+00:00,defeat,19558,20041
590,2025-01-09T19:13:46+00:00,defeat,19474,19710
591,2025-01-09T19:24:14+00:00,victory,19555,19178
592,2025-01-09T19:32:19+00:00,defeat,19466,19544
593,2025-01-09T20:13:12+00:00,defeat,19363,19059
594,2025-01-09T20:23:27+00:00,defeat,19283,19749
595,2025-01-09T20:35:56+00:00,victory,19380,19421
596,2025-01-12T22:00:57+00:00,defeat,19292,19552
597,2025-01-12T22:08:27+00:00,defeat,19213,19785
598,2025-01-12T22:22:19+00:00,defeat,19116,19168
599,2025-01-13T01:34:31+00:00,defeat,19029,19458
600,2025-01-13T01:42:52+00:00,defeat,18913,18415
601,2025-01-13T01:54:01+00:00,victory,19002,18518
602,2025-01-13T20:05:07+00:00,defeat,18918,19541
603,2025-01-13T20:11:56+00:00,victory,19020,18983
604,2025-01-13T20:31:22+00:00,defeat,18904,18435
605,2025-01-13T20:41:13+00:00,victory,18985,18171
606,2025-01-13T20:50:59+00:00,victory,19079,18821
607,2025-01-13T21:04:50+00:00,victory,19181,19269
608,2025-01-13T21:25:28+00:00,victory,19281,19379
609,2025-01-13T21:39:27+00:00,defeat,19161,18329
610,2025-01-13T21:47:48+00:00,victory,19254,19077
611,2025-01-13T21:56:52+00:00,victory,19335,18827
612,2025-01-13T22:03:43+00:00,victory,19430,19425
613,2025-01-13T22:11:26+00:00,defeat,19359,19952
614,2025-01-13T22:19:01+00:00,defeat,19277,19643
615,2025-01-14T20:32:28+00:00,defeat,19191,19510
616,2025-01-14T20:37:51+00:00,victory,19278,18917
617,2025-01-14T20:49:44+00:00,victory,19361,18935
618,2025-01-14T20:56:42+00:00,defeat,19288,19997
619,2025-01-14T21:07:40+00:00,victory,19384,19400
620,2025-01-14T21:17:45+00:00,victory,19464,18956
621,2025-01-14T21:28:08+00:00,victory,19564,19825
622,2025-01-14T21:34:58+00:00,defeat,19477,19550
623,2025-01-14T21:39:35+00:00,victory,19574,19757
624,2025-01-14T21:47:52+00:00,victory,19652,19213
625,2025-01-14T21:59:43+00:00,victory,19757,20283
626,2025-01-14T22:22:38+00:00,victory,19837,19636
627,2025-01-14T22:33:37+00:00,defeat,19761,20025
628,2025-01-14T22:56:16+00:00,defeat,19650,18798
629,2025-01-14T23:06:17+00:00,defeat,19539,18786
630,2025-01-15T00:09:13+00:00,defeat,19450,19572
631,2025-01-15T00:21:04+00:00,defeat,19365,19659
632,2025-01-15T00:33:47+00:00,victory,19465,19664
633,2025-01-15T20:55:05+00:00,defeat,19387,19887
634,2025-01-15T21:05:11+00:00,defeat,19264,18265
635,2025-01-15T21:22:23+00:00,victory,19350,18968
636,2025-01-15T21:30:39+00:00,defeat,19272,19866
637,2025-01-15T21:42:34+00:00,defeat,19206,20203
638,2025-01-15T21:55:05+00:00,victory,19297,19046
639,2025-01-15T22:04:25+00:00,defeat,19207,19471
640,2025-01-16T00:21:11+00:00,defeat,19124,19637
641,2025-01-16T00:30:05+00:00,defeat,19027,19146
642,2025-01-16T00:35:27+00:00,victory,19142,19581
643,2025-01-16T00:44:18+00:00,victory,19235,19065
644,2025-01-16T00:57:18+00:00,victory,19333,19356
645,2025-01-16T01:03:32+00:00,victory,19428,19447
646,2025-01-16T01:10:10+00:00,victory,19510,19118
647,2025-01-16T01:19:05+00:00,defeat,19416,19367
648,2025-01-16T21:45:37+00:00,victory,19507,19462
649,2025-01-16T21:55:28+00:00,victory,19573,18578
650,2025-01-16T22:08:49+00:00,victory,19677,20133
651,2025-01-16T22:25:20+00:00,defeat,19602,20043
652,2025-01-16T22:37:03+00:00,defeat,19533,20229
653,2025-01-17T00:27:45+00:00,victory,19618,19437
654,2025-01-17T00:39:25+00:00,defeat,19527,19510
655,2025-01-17T01:05:01+00:00,defeat,19453,20044
656,2025-01-17T01:19:52+00:00,victory,19536,19196
657,2025-01-17T01:54:52+00:00,victory,19614,19194
658,2025-01-17T02:01:16+00:00,victory,19702,19649
659,2025-01-17T02:08:57+00:00,defeat,19616,19702
660,2025-01-17T18:48:57+00:00,victory,19701,19554
661,2025-01-17T19:01:30+00:00,defeat,19650,20811
662,2025-01-17T19:09:37+00:00,defeat,19570,19876
663,2025-01-17T19:17:34+00:00,defeat,19485,19713
664,2025-01-17T19:18:36+00:00,no_contest,19485,18888
665,2025-01-17T19:28:34+00:00,victory,19553,18694
666,2025-01-17T19:43:20+00:00,defeat,19451,19125
667,2025-01-17T19:54:08+00:00,defeat,19388,20343
668,2025-01-17T20:05:21+00:00,victory,19488,19655
669,2025-01-17T20:14:58+00:00,victory,19588,19853
670,2025-01-17T20:24:09+00:00,victory,19670,19389
671,2025-01-17T21:33:38+00:00,defeat,19589,19813
672,2025-01-17T21:45:56+00:00,victory,19674,19515
673,2025-01-17T21:56:52+00:00,defeat,19591,19812
674,2025-01-17T22:06:38+00:00,defeat,19505,19683
675,2025-01-18T18:19:39+00:00,defeat,19430,20013
676,2025-01-18T18:26:20+00:00,defeat,19342,19543
677,2025-01-18T18:35:38+00:00,victory,19438,19483
678,2025-01-18T18:43:05+00:00,victory,19514,18909
679,2025-01-18T18:51:50+00:00,defeat,19423,19480
680,2025-01-18T18:58:44+00:00,victory,19509,19292
681,2025-01-18T19:22:09+00:00,victory,19598,19526
682,2025-01-18T19:38:12+00:00,defeat,19530,20234
683,2025-01-18T19:49:51+00:00,defeat,19473,20575
684,2025-01-22T22:43:51+00:00,victory,19554,19179
685,2025-01-22T22:57:08+00:00,defeat,19455,19199
686,2025-01-22T23:08:07+00:00,defeat,19360,19354
687,2025-01-22T23:16:55+00:00,defeat,19273,19558
688,2025-01-22T23:27:23+00:00,victory,19358,18979
689,2025-01-22T23:35:20+00:00,victory,19454,19488
690,2025-01-22T23:48:56+00:00,no_contest,19454,18856
691,2025-01-22T23:57:55+00:00,defeat,19368,19629
692,2025-01-23T00:09:20+00:00,victory,19468,19662
693,2025-01-24T16:07:05+00:00,victory,19548,19157
694,2025-01-24T22:05:50+00:00,victory,19615,18720
695,2025-01-24T22:17:47+00:00,victory,19721,20267
696,2025-01-24T22:21:57+00:00,defeat,19640,19892
697,2025-01-24T22:35:15+00:00,victory,19716,19202
698,2025-01-24T22:44:32+00:00,defeat,19616,19241
699,2025-01-24T22:52:54+00:00,defeat,19533,19763
700,2025-01-24T23:06:52+00:00,victory,19634,19977
701,2025-01-24T23:21:17+00:00,defeat,19554,19870
702,2025-01-24T23:27:27+00:00,victory,19650,19834
703,2025-01-24T23:33:54+00:00,defeat,19543,18956
704,2025-01-24T23:43:53+00:00,victory,19643,19950
705,2025-01-25T01:16:56+00:00,victory,19709,18864
706,2025-01-25T01:25:07+00:00,defeat,19616,19475
707,2025-01-25T01:35:51+00:00,defeat,19541,20063
708,2025-01-25T01:44:08+00:00,victory,19633,19652
709,2025-01-25T15:53:17+00:00,victory,19723,19788
710,2025-01-25T16:04:42+00:00,victory,19811,19848
711,2025-01-25T16:14:08+00:00,defeat,19716,19413
712,2025-01-25T16:24:39+00:00,defeat,19617,19274
713,2025-01-25T16:34:26+00:00,victory,19689,19049
714,2025-01-25T16:39:51+00:00,victory,19768,19460
715,2025-01-26T17:33:30+00:00,victory_by_dq,19848,19656
716,2025-01-26T17:43:39+00:00,defeat,19765,19864
717,2025-01-26T17:55:53+00:00,victory,19836,19291
718,2025-01-26T18:09:45+00:00,victory,19901,19179
719,2025-01-26T18:20:13+00:00,victory,19980,19831
720,2025-01-26T18:36:51+00:00,defeat,19894,19797
721,2025-01-26T18:45:09+00:00,victory,19962,19435
722,2025-01-26T18:58:09+00:00,victory_by_dq,20054,20376
723,2025-01-26T19:12:54+00:00,victory,20130,19985
724,2025-01-26T22:57:50+00:00,defeat,20054,20145
725,2025-01-26T23:09:23+00:00,victory,20124,19773
726,2025-01-26T23:19:33+00:00,defeat,20057,20484
727,2025-01-26T23:36:43+00:00,defeat,19990,20456
728,2025-01-26T23:54:50+00:00,defeat,19921,20363
729,2025-01-27T16:20:24+00:00,victory,19996,19709
730,2025-01-27T16:28:08+00:00,victory,20061,19501
731,2025-01-27T16:47:56+00:00,defeat,19982,20045
732,2025-01-27T16:57:17+00:00,victory_by_dq,20027,18530
733,2025-01-27T17:10:43+00:00,defeat,19955,20277
734,2025-01-27T17:29:26+00:00,defeat,19888,20428
735,2025-01-27T17:39:33+00:00,victory,19976,20122
736,2025-01-27T17:47:39+00:00,defeat,19883,19535
737,2025-01-27T22:32:26+00:00,defeat,19794,19682
738,2025-01-27T22:47:33+00:00,defeat,19720,20136
739,2025-01-27T23:03:10+00:00,defeat,19644,20052
740,2025-01-28T20:38:48+00:00,victory,19706,18673
741,2025-01-28T20:47:37+00:00,victory,19794,19806
742,2025-01-28T21:01:40+00:00,victory,19856,18983
743,2025-01-28T21:10:15+00:00,victory,19935,19765
744,2025-01-28T23:40:28+00:00,victory,20006,19600
745,2025-01-28T23:55:57+00:00,defeat,19908,20496
746,2025-01-29T19:23:27+00:00,defeat,19832,20112
747,2025-01-29T19:44:02+00:00,victory,19912,19717
748,2025-01-29T19:49:34+00:00,victory,19988,19771
749,2025-01-29T20:03:46+00:00,victory,20047,19196
750,2025-01-30T00:47:42+00:00,defeat,19978,20379
751,2025-01-30T01:01:51+00:00,defeat,19910,20390
752,2025-01-30T01:09:24+00:00,defeat,19830,19881
753,2025-01-30T23:31:27+00:00,defeat,19754,20049
754,2025-01-30T23:41:32+00:00,defeat,19685,20278
755,2025-01-30T23:51:48+00:00,defeat,19620,20370
756,2025-01-30T23:58:16+00:00,defeat,19543,19998
757,2025-01-31T00:09:08+00:00,victory,19617,19026
758,2025-01-31T00:19:18+00:00,defeat,19509,18877
759,2025-01-31T18:56:46+00:00,victory,19586,19092
760,2025-01-31T19:07:38+00:00,defeat,19491,19369
761,2025-01-31T19:16:34+00:00,victory,19572,19194
762,2025-01-31T19:26:26+00:00,victory,19661,19641
763,2025-01-31T19:36:08+00:00,victory,19745,19586
764,2025-01-31T19:47:38+00:00,victory,19828,19720
765,2025-01-31T19:55:33+00:00,defeat,19730,19330
766,2025-01-31T20:06:20+00:00,defeat,19633,19320
767,2025-02-01T23:44:31+00:00,defeat,19573,20494
768,2025-02-01T23:52:57+00:00,victory,19636,18629
769,2025-02-02T00:10:01+00:00,defeat,19540,19355
770,2025-02-02T00:20:06+00:00,victory,19626,19456
771,2025-02-02T00:30:08+00:00,victory,19699,19145
772,2025-02-02T21:01:06+00:00,victory,19795,20058
773,2025-02-02T21:08:19+00:00,defeat,19695,19254
774,2025-02-02T21:16:58+00:00,defeat,19617,19955
775,2025-02-02T21:24:16+00:00,victory,19715,20019
776,2025-02-02T21:32:27+00:00,victory,19798,19662
777,2025-02-02T21:40:32+00:00,defeat,19720,20000
778,2025-02-02T21:55:17+00:00,defeat,19634,19728
779,2025-02-02T22:04:41+00:00,victory,19722,19701
780,2025-02-02T22:24:22+00:00,victory,19799,19469
781,2025-02-02T22:35:58+00:00,defeat,19709,19581
782,2025-02-02T23:48:18+00:00,defeat,19667,21107
783,2025-02-02T23:55:28+00:00,victory,19761,19947
784,2025-02-03T00:05:02+00:00,defeat,19678,19840
785,2025-02-03T21:12:15+00:00,victory,19764,19664
786,2025-02-03T21:19:50+00:00,defeat,19688,19937
787,2025-02-03T21:32:41+00:00,defeat,19582,18984
788,2025-02-03T21:40:49+00:00,victory,19660,19259
789,2025-02-03T21:54:04+00:00,victory,19735,19238
790,2025-02-03T22:02:33+00:00,victory,19823,19857
791,2025-02-04T20:47:47+00:00,victory,19894,19402
792,2025-02-04T20:58:12+00:00,defeat,19788,19028
793,2025-02-04T21:13:44+00:00,victory,19844,18510
794,2025-02-04T21:24:33+00:00,defeat,19779,20449
795,2025-02-04T21:42:55+00:00,defeat,19696,19870
796,2025-02-04T21:50:43+00:00,defeat,19617,19949
797,2025-02-04T22:00:34+00:00,defeat,19526,19536
798,2025-02-05T21:51:58+00:00,victory,19615,19551
799,2025-02-05T22:01:01+00:00,victory,19711,19899
800,2025-02-05T22:10:26+00:00,defeat,19617,19451
801,2025-02-05T22:18:44+00:00,victory,19696,19343
802,2025-02-05T22:27:40+00:00,defeat,19590,19026
803,2025-02-05T22:46:56+00:00,defeat,19506,19745
804,2025-02-05T22:55:15+00:00,defeat,19432,20033
805,2025-02-06T00:08:23+00:00,victory,19520,19354
806,2025-02-06T00:25:31+00:00,victory,19600,19207
807,2025-02-06T00:31:16+00:00,defeat,19512,19605
808,2025-02-06T20:30:25+00:00,victory,19610,19843
809,2025-02-06T20:41:04+00:00,defeat,19531,19901
810,2025-02-06T20:54:20+00:00,defeat,19446,19690
811,2025-02-08T21:30:25+00:00,victory,19534,19405
812,2025-02-08T21:41:04+00:00,defeat,19444,19500
813,2025-02-08T21:49:58+00:00,defeat,19357,19591
814,2025-02-09T16:52:51+00:00,defeat,19249,18831
815,2025-02-09T17:14:23+00:00,defeat,19159,19401
816,2025-02-09T17:19:41+00:00,victory,19246,18841
817,2025-02-09T17:28:49+00:00,victory,19343,19391
818,2025-02-09T17:39:02+00:00,defeat,19272,20034
819,2025-02-09T17:48:52+00:00,defeat,19170,19036
820,2025-02-09T17:55:40+00:00,victory,19273,19442
821,2025-02-09T18:00:44+00:00,victory,19355,18850
822,2025-02-09T18:08:18+00:00,victory,19432,18850
823,2025-02-09T18:21:04+00:00,defeat,19353,19815
824,2025-02-09T23:42:57+00:00,defeat,19261,19378
825,2025-02-09T23:52:59+00:00,defeat,19175,19507
826,2025-02-10T00:04:21+00:00,victory,19282,19593
827,2025-02-10T19:51:41+00:00,defeat,19170,18666
828,2025-02-10T19:58:55+00:00,defeat,19089,19541
829,2025-02-10T20:05:24+00:00,victory,19179,18867
830,2025-02-10T20:19:23+00:00,defeat,19085,19263
831,2025-02-10T20:29:22+00:00,victory,19182,19093
832,2025-02-10T20:40:06+00:00,victory,19282,19370
833,2025-02-10T20:46:39+00:00,victory,19364,18863
834,2025-02-10T20:56:55+00:00,victory,19436,18659
835,2025-02-10T21:05:22+00:00,defeat,19360,19923
836,2025-02-12T19:16:52+00:00,defeat,19247,18637
837,2025-02-12T19:22:28+00:00,victory,19324,18613
838,2025-02-12T19:32:39+00:00,victory,19442,20180
839,2025-02-12T19:51:18+00:00,victory,19546,19913
840,2025-02-12T19:57:50+00:00,defeat,19466,19824
841,2025-02-12T20:09:36+00:00,defeat,19375,19472
842,2025-02-12T20:17:31+00:00,defeat,19264,18730
843,2025-02-12T20:27:17+00:00,defeat,19163,19052
844,2025-02-12T20:40:47+00:00,victory,19274,19682
845,2025-02-12T20:53:15+00:00,victory,19358,18951
846,2025-02-12T21:00:34+00:00,defeat,19272,19610
847,2025-02-12T23:08:43+00:00,victory,19367,19331
848,2025-02-12T23:25:18+00:00,victory,19465,19588
849,2025-02-12T23:33:54+00:00,victory,19561,19688
850,2025-02-12T23:48:10+00:00,victory,19646,19483
851,2025-02-13T00:03:56+00:00,defeat,19578,20285
852,2025-02-13T00:15:11+00:00,defeat,19491,19620
853,2025-02-15T19:44:29+00:00,defeat,19401,19452
854,2025-02-15T19:55:43+00:00,victory,19498,19617
855,2025-02-15T20:05:37+00:00,defeat,19413,19664
856,2025-02-15T20:13:15+00:00,defeat,19322,19445
857,2025-02-15T20:21:40+00:00,victory,19407,19090
858,2025-02-15T20:39:42+00:00,defeat,19319,19531
859,2025-02-15T20:47:04+00:00,victory,19417,19534
860,2025-02-15T21:00:11+00:00,defeat,19306,18698
861,2025-02-15T21:11:20+00:00,defeat,19212,19322
862,2025-02-15T21:17:54+00:00,defeat,19128,19579
863,2025-02-15T21:29:32+00:00,defeat,19051,19787
864,2025-02-15T21:39:12+00:00,defeat,18942,18680
865,2025-02-15T21:46:55+00:00,victory,19055,19435
866,2025-02-15T21:59:56+00:00,defeat,18966,19345
867,2025-02-15T22:09:01+00:00,victory,19073,19265
868,2025-02-15T22:26:47+00:00,victory,19193,19845
869,2025-02-15T22:39:02+00:00,defeat,19097,19202
870,2025-02-16T00:36:49+00:00,victory,19195,19142
871,2025-02-16T00:49:05+00:00,defeat,19108,19501
872,2025-02-16T00:58:01+00:00,victory,19195,18777
873,2025-02-16T01:07:28+00:00,victory,19295,19372
874,2025-02-16T17:10:13+00:00,victory,19368,18580
875,2025-02-16T17:17:54+00:00,defeat,19285,19686
876,2025-02-16T17:27:13+00:00,victory,19372,19085
877,2025-02-16T17:35:35+00:00,defeat,19288,19655
878,2025-02-16T17:44:57+00:00,defeat,19192,19213
879,2025-02-16T17:55:27+00:00,victory,19297,19555
880,2025-02-16T18:02:32+00:00,defeat,19201,19249
881,2025-02-16T18:11:32+00:00,defeat,19090,18648
882,2025-02-16T19:32:09+00:00,defeat,19038,20554
883,2025-02-16T19:43:31+00:00,victory,19141,19209
884,2025-02-16T19:53:54+00:00,defeat,19040,19038
885,2025-02-16T20:05:53+00:00,defeat,18969,19947
886,2025-02-16T20:13:13+00:00,victory,19055,18462
887,2025-02-16T20:25:25+00:00,victory,19145,18798
888,2025-02-16T20:34:29+00:00,victory,19252,19519
889,2025-02-17T00:38:51+00:00,defeat,19173,19768
890,2025-02-17T00:47:43+00:00,victory,19243,18209
891,2025-02-17T01:00:52+00:00,defeat,19154,19453
892,2025-02-17T01:06:58+00:00,victory,19242,18887
893,2025-02-17T18:53:14+00:00,victory,19325,18846
894,2025-02-17T19:09:03+00:00,victory,19407,18953
895,2025-02-17T19:21:26+00:00,defeat,19326,19767
896,2025-02-17T19:26:59+00:00,victory,19405,18859
897,2025-02-17T19:40:38+00:00,victory,19498,19482
898,2025-02-17T19:52:01+00:00,victory,19599,19896
899,2025-02-17T20:05:47+00:00,defeat,19522,19872
900,2025-02-17T20:16:23+00:00,victory,19605,19337
901,2025-02-17T20:32:17+00:00,victory,19688,19484
902,2025-02-17T20:49:09+00:00,victory,19767,19460
903,2025-02-17T20:58:27+00:00,defeat,19679,19668
904,2025-02-17T21:03:59+00:00,defeat,19591,19627
905,2025-02-17T21:25:24+00:00,defeat,19504,19645
906,2025-02-17T21:43:21+00:00,victory_by_dq,19591,19442
907,2025-02-17T21:52:28+00:00,defeat,19515,20004
908,2025-02-17T22:00:24+00:00,defeat,19434,19432
909,2025-02-18T20:18:46+00:00,victory,19539,19932
910,2025-02-18T20:33:45+00:00,defeat,19468,20158
911,2025-02-18T20:47:19+00:00,victory,19555,19372
912,2025-02-18T20:54:44+00:00,victory,19631,19129
913,2025-02-18T21:05:54+00:00,defeat,19558,20071
914,2025-02-18T21:13:07+00:00,victory,19644,19481
915,2025-02-18T21:24:06+00:00,defeat,19578,20333
916,2025-02-18T21:38:20+00:00,defeat,19509,20218
917,2025-02-18T21:48:07+00:00,victory,19597,19468
918,2025-02-18T21:55:09+00:00,defeat,19514,19781
919,2025-02-18T22:14:43+00:00,victory,19619,20054
920,2025-02-18T22:25:46+00:00,defeat,19533,19715
921,2025-02-19T19:40:27+00:00,defeat,19448,19682
922,2025-02-19T19:51:26+00:00,victory,19526,19008
923,2025-02-19T20:03:45+00:00,victory,19616,19586
924,2025-02-19T20:10:45+00:00,defeat,19530,19688
925,2025-02-19T20:19:51+00:00,defeat,19441,19535
926,2025-02-21T00:55:54+00:00,defeat,19342,19175
927,2025-02-21T01:01:34+00:00,victory,19419,18802
928,2025-02-21T01:10:00+00:00,victory,19502,19190
929,2025-02-21T01:21:31+00:00,victory,19586,19332
930,2025-02-21T01:30:59+00:00,victory,19666,19331
931,2025-02-21T01:41:15+00:00,defeat,19583,19801
932,2025-02-21T01:54:12+00:00,victory,19638,18272
933,2025-02-21T02:06:09+00:00,defeat,19547,19505
934,2025-02-21T20:38:39+00:00,victory,19638,19653
935,2025-02-21T20:50:03+00:00,defeat,19533,19026
936,2025-02-21T21:08:41+00:00,defeat,19458,19953
937,2025-02-21T23:19:30+00:00,victory,19545,19360
938,2025-02-21T23:26:04+00:00,victory,19623,19170
939,2025-02-21T23:38:29+00:00,defeat,19546,19952
940,2025-02-21T23:46:31+00:00,victory,19617,18899
941,2025-02-22T00:00:04+00:00,defeat,19518,19269
942,2025-02-23T20:28:31+00:00,defeat,19434,19703
943,2025-02-23T20:37:13+00:00,defeat,19358,19925
944,2025-02-23T20:46:28+00:00,victory,19435,18827
945,2025-02-23T20:54:58+00:00,victory,19513,19005
946,2025-02-23T21:05:12+00:00,victory,19596,19318
947,2025-02-23T21:18:25+00:00,victory,19697,20077
948,2025-02-23T21:29:48+00:00,defeat,19600,19319
949,2025-02-23T21:39:00+00:00,victory,19693,19811
950,2025-02-23T21:48:18+00:00,defeat,19631,20472
951,2025-02-23T21:58:47+00:00,defeat,19543,19621
952,2025-02-23T22:22:59+00:00,victory,19637,19737
953,2025-02-23T22:29:32+00:00,defeat,19572,20381
954,2025-02-23T23:23:01+00:00,defeat,19483,19563
955,2025-02-23T23:41:51+00:00,defeat,19417,20268
956,2025-02-23T23:50:44+00:00,victory,19505,19334
957,2025-02-23T23:56:20+00:00,victory,19599,19663
958,2025-02-24T00:05:07+00:00,victory,19685,19572
959,2025-02-24T00:11:45+00:00,victory,19775,19884
960,2025-02-24T00:22:15+00:00,defeat,19705,20228
961,2025-02-24T23:28:43+00:00,victory,19787,19608
962,2025-02-24T23:40:13+00:00,defeat,19676,18776
963,2025-02-24T23:50:59+00:00,victory,19762,19708
964,2025-02-24T23:59:59+00:00,defeat,19685,20034
965,2025-02-25T19:46:18+00:00,defeat,19613,20080
966,2025-02-25T20:00:44+00:00,victory,19683,19018
967,2025-02-25T20:10:43+00:00,victory,19760,19379
968,2025-02-25T20:18:33+00:00,defeat,19679,19893
969,2025-02-25T20:28:39+00:00,defeat,19601,19962
970,2025-02-25T20:35:02+00:00,defeat,19515,19680
971,2025-02-25T20:45:06+00:00,defeat,19418,19273
972,2025-02-25T20:53:51+00:00,victory,19500,19121
973,2025-02-25T21:04:02+00:00,victory,19586,19416
974,2025-02-25T21:15:05+00:00,defeat,19495,19504
975,2025-02-26T00:48:56+00:00,victory,19564,18748
976,2025-02-26T00:57:05+00:00,defeat,19479,19666
977,2025-02-26T01:02:13+00:00,defeat,19390,19534
978,2025-02-26T01:10:22+00:00,defeat,19303,19567
979,2025-02-26T01:20:16+00:00,defeat,19209,19293
980,2025-02-26T22:08:53+00:00,defeat,19093,18494
981,2025-02-26T22:13:02+00:00,victory_by_dq,19179,18728
982,2025-02-26T22:26:44+00:00,defeat,19117,20232
983,2025-02-26T22:39:04+00:00,defeat,19007,18719
984,2025-02-26T22:51:09+00:00,defeat,18901,18804
985,2025-02-26T23:00:00+00:00,victory,18997,18752
986,2025-02-26T23:09:48+00:00,defeat,18889,18701
987,2025-02-26T23:19:01+00:00,victory,19004,19391
988,2025-02-26T23:27:50+00:00,victory,19100,18920
989,2025-02-26T23:36:23+00:00,victory,19185,18695
990,2025-02-26T23:43:52+00:00,victory,19286,19392
991,2025-02-26T23:53:16+00:00,victory,19371,19029
992,2025-02-26T23:58:12+00:00,victory,19448,18847
993,2025-02-27T00:15:17+00:00,defeat,19365,19725
994,2025-02-27T00:21:27+00:00,defeat,19287,19846
995,2025-02-27T00:32:41+00:00,victory,19368,18835
996,2025-02-27T18:22:20+00:00,defeat,19284,19677
997,2025-02-27T18:29:23+00:00,defeat,19206,19793
998,2025-02-27T18:41:49+00:00,victory,19294,18985
999,2025-02-27T18:52:21+00:00,victory,19374,18836
1000,2025-02-27T19:04:30+00:00,victory,19467,19441
1001,2025-02-27T19:12:40+00:00,victory,19568,19882
1002,2025-02-27T19:22:59+00:00,victory,19651,19409
1003,2025-02-27T19:34:38+00:00,defeat,19567,19750
1004,2025-02-27T19:52:07+00:00,defeat,19493,19834
1005,2025-02-27T20:03:52+00:00,victory,19587,19651
1006,2025-02-27T20:15:51+00:00,victory,19671,19491
1007,2025-02-27T20:21:25+00:00,victory,19760,19805
1008,2025-02-27T20:31:50+00:00,defeat,19674,19717
1009,2025-02-27T20:39:38+00:00,victory,19747,19225
1010,2025-02-27T22:18:11+00:00,defeat,19633,18669
1011,2025-02-27T22:25:54+00:00,defeat,19544,19594
1012,2025-02-27T22:33:56+00:00,victory,19622,19158
1013,2025-02-27T22:40:58+00:00,defeat,19533,19592
1014,2025-02-27T22:47:02+00:00,victory,19608,19032
1015,2025-02-27T22:59:25+00:00,victory,19675,18861
1016,2025-03-03T01:48:38+00:00,victory,19743,19033
1017,2025-03-03T01:59:28+00:00,defeat,19637,19003
1018,2025-03-03T02:07:37+00:00,defeat,19535,19124
1019,2025-03-03T02:18:21+00:00,victory,19631,19796
1020,2025-03-04T19:18:55+00:00,defeat,19544,19663
1021,2025-03-04T19:27:30+00:00,victory,19614,18855
1022,2025-03-04T19:34:36+00:00,defeat,19522,19497
1023,2025-03-04T19:44:13+00:00,defeat,19431,19484
1024,2025-03-04T19:48:34+00:00,victory,19521,19445
1025,2025-03-04T19:58:01+00:00,victory,19619,19825
1026,2025-03-04T22:31:50+00:00,victory,19714,19930
1027,2025-03-04T22:39:13+00:00,victory,19775,18779
1028,2025-03-04T22:53:13+00:00,defeat,19681,17966
1029,2025-03-05T21:20:53+00:00,victory,19761,19459
1030,2025-03-05T21:28:57+00:00,defeat,19669,19558
1031,2025-03-05T21:39:22+00:00,defeat,19558,18774
1032,2025-03-05T21:50:29+00:00,defeat,19460,19253
1033,2025-03-05T22:01:16+00:00,defeat,19363,19296
1034,2025-03-05T22:11:53+00:00,defeat,19271,19392
1035,2025-03-05T22:19:55+00:00,defeat,19174,19212
1036,2025-03-05T22:32:40+00:00,defeat,19066,18782
1037,2025-03-07T21:10:59+00:00,defeat,18996,19950
1038,2025-03-07T21:18:13+00:00,victory,19089,18804
1039,2025-03-07T21:33:11+00:00,victory,19212,19921
1040,2025-03-07T21:40:32+00:00,defeat,19111,19021
1041,2025-03-07T21:52:34+00:00,defeat,19009,18985
1042,2025-03-07T22:03:19+00:00,victory,19091,18384
1043,2025-03-07T22:14:37+00:00,victory,19199,19464
1044,2025-03-07T22:29:37+00:00,victory,19280,18118
1045,2025-03-07T22:37:14+00:00,defeat,19173,18870
1046,2025-03-07T22:50:09+00:00,defeat,19100,19950
1047,2025-03-08T00:24:46+00:00,defeat,19006,19244
1048,2025-03-08T00:30:19+00:00,victory,19092,18547
1049,2025-03-08T00:34:56+00:00,no_contest,19092,19480
1050,2025-03-08T00:41:07+00:00,defeat,19000,19288
1051,2025-03-08T00:47:31+00:00,victory,19076,18173
1052,2025-03-08T00:59:26+00:00,victory,19172,19006
1053,2025-03-09T18:21:45+00:00,defeat,19087,19579
1054,2025-03-09T18:30:54+00:00,defeat,18992,19203
1055,2025-03-09T18:39:04+00:00,defeat,18905,19429
1056,2025-03-09T18:54:54+00:00,victory,18986,18188
1057,2025-03-09T19:03:07+00:00,victory,19050,17546
1058,2025-03-09T19:16:29+00:00,defeat,18973,19781
1059,2025-03-09T19:26:45+00:00,victory,19068,18820
1060,2025-03-09T19:38:51+00:00,defeat,18983,19530
1061,2025-03-09T19:48:21+00:00,victory,19078,18833
1062,2025-03-10T20:14:43+00:00,defeat,18991,19461
1063,2025-03-10T20:25:46+00:00,victory,19083,18738
1064,2025-03-10T20:40:32+00:00,victory,19187,19317
1065,2025-03-10T20:47:26+00:00,victory,19273,18857
1066,2025-03-10T20:55:06+00:00,victory,19360,19052
1067,2025-03-10T21:08:21+00:00,defeat,19286,19980
1068,2025-03-10T21:21:24+00:00,defeat,19182,18966
1069,2025-03-10T21:29:19+00:00,victory,19267,18821
1070,2025-03-10T21:43:15+00:00,defeat,19146,18305
1071,2025-03-10T21:51:46+00:00,defeat,19053,19209
1072,2025-03-10T22:01:42+00:00,victory,19147,18937
1073,2025-03-10T22:20:31+00:00,defeat,19045,18969
1074,2025-03-10T22:32:25+00:00,defeat,18963,19625
1075,2025-03-10T22:40:31+00:00,victory,19055,18682
1076,2025-03-11T22:46:26+00:00,defeat,18957,19086
1077,2025-03-11T22:53:21+00:00,victory,19061,19133
1078,2025-03-11T23:00:19+00:00,defeat,18989,19909
1079,2025-03-11T23:07:33+00:00,victory,19104,19543
1080,2025-03-11T23:19:22+00:00,victory,19207,19348
1081,2025-03-11T23:31:29+00:00,victory,19298,19059
1082,2025-03-11T23:37:59+00:00,victory,19367,18406
1083,2025-03-11T23:44:04+00:00,defeat,19262,18947
1084,2025-03-11T23:53:32+00:00,victory,19329,18236
1085,2025-03-12T00:03:02+00:00,defeat,19247,19707
1086,2025-03-12T00:14:54+00:00,victory,19332,18948
1087,2025-03-12T00:25:36+00:00,defeat,19258,19941
1088,2025-03-12T00:39:40+00:00,victory,19334,18636
1089,2025-03-12T18:01:20+00:00,defeat,19244,19433
1090,2025-03-12T18:13:26+00:00,victory,19331,18982
1091,2025-03-12T18:27:27+00:00,defeat,19225,18907
1092,2025-03-12T18:35:38+00:00,defeat,19132,19315
1093,2025-03-12T18:47:16+00:00,defeat,19043,19403
1094,2025-03-12T18:58:38+00:00,victory,19140,19004
1095,2025-03-12T19:06:27+00:00,defeat,19043,19175
1096,2025-03-12T19:13:13+00:00,defeat,18949,19215
1097,2025-03-12T22:55:02+00:00,defeat,18850,19005
1098,2025-03-12T23:05:00+00:00,defeat,18763,19362
1099,2025-03-12T23:11:17+00:00,victory,18852,18243
1100,2025-03-12T23:17:52+00:00,victory,18946,18658
1101,2025-03-12T23:32:13+00:00,defeat,18845,18951
1102,2025-03-12T23:42:17+00:00,victory,18953,19057
1103,2025-03-14T19:56:47+00:00,victory,19073,19670
1104,2025-03-14T20:06:17+00:00,victory,19164,18879
1105,2025-03-14T20:19:29+00:00,victory,19248,18741
1106,2025-03-14T20:27:58+00:00,victory,19327,18734
1107,2025-03-14T20:42:00+00:00,defeat,19234,19322
1108,2025-03-14T20:54:08+00:00,defeat,19135,19100
1109,2025-03-14T21:06:19+00:00,victory,19217,18650
1110,2025-03-14T21:17:17+00:00,victory,19303,18941
1111,2025-03-14T21:40:41+00:00,victory,19386,18973
1112,2025-03-15T18:32:29+00:00,defeat,19275,18724
1113,2025-03-15T18:37:40+00:00,victory,19368,19279
1114,2025-03-15T18:45:40+00:00,victory,19454,19172
1115,2025-03-15T18:55:56+00:00,defeat,19382,20064
1116,2025-03-15T19:05:46+00:00,victory,19471,19336
1117,2025-03-15T19:12:21+00:00,defeat,19389,19744
1118,2025-03-15T19:31:57+00:00,defeat,19298,19413
1119,2025-03-15T19:39:16+00:00,victory,19400,19625
1120,2025-03-15T19:51:49+00:00,victory,19498,19653
1121,2025-03-16T23:51:00+00:00,defeat,19415,19744
1122,2025-03-17T00:07:36+00:00,defeat,19352,20329
1123,2025-03-17T00:19:40+00:00,victory,19447,19486
1124,2025-03-17T00:26:20+00:00,defeat,19367,19787
1125,2025-03-17T00:36:34+00:00,victory,19427,18078
1126,2025-03-17T00:44:43+00:00,defeat,19347,19555
1127,2025-03-17T16:22:10+00:00,victory,19435,19243
1128,2025-03-17T16:29:23+00:00,defeat,19354,19759
1129,2025-03-17T16:41:07+00:00,victory,19412,17991
1130,2025-03-17T16:52:11+00:00,defeat,19320,19423
1131,2025-03-17T17:09:16+00:00,defeat,19243,19874
1132,2025-03-17T17:25:25+00:00,defeat,19140,18988
1133,2025-03-17T17:34:02+00:00,defeat,19040,19049
1134,2025-03-17T17:44:54+00:00,victory,19167,20007
1135,2025-03-17T17:56:57+00:00,defeat,19059,18785
1136,2025-03-17T18:02:21+00:00,victory,19147,18434
1137,2025-03-17T18:13:00+00:00,victory,19228,18622
1138,2025-03-17T18:18:22+00:00,no_contest,19228,18887
1139,2025-03-17T18:26:10+00:00,victory,19321,19174
1140,2025-03-17T19:37:15+00:00,defeat,19236,19612
1141,2025-03-17T19:45:13+00:00,defeat,19151,19587
1142,2025-03-17T19:56:39+00:00,defeat,19045,18860
1143,2025-03-17T20:05:30+00:00,victory,19127,18466
1144,2025-03-17T20:20:43+00:00,victory,19218,18941
1145,2025-03-17T20:29:44+00:00,defeat,19132,19534
1146,2025-03-17T20:36:20+00:00,defeat,19062,20019
1147,2025-03-17T20:44:59+00:00,defeat,18957,18850
1148,2025-03-17T21:03:27+00:00,victory,19052,18830
1149,2025-03-17T21:12:39+00:00,defeat,18964,19386
1150,2025-03-17T21:19:14+00:00,defeat,18872,19265
1151,2025-03-17T22:10:40+00:00,victory,18966,18635
1152,2025-03-17T22:21:42+00:00,victory,19061,18809
1153,2025-03-17T22:27:39+00:00,no_contest,19061,18146
1154,2025-03-17T22:34:48+00:00,victory,19160,19122
1155,2025-03-17T22:45:26+00:00,victory,19254,19148
1156,2025-03-17T23:01:06+00:00,defeat,19175,19773
1157,2025-03-17T23:09:09+00:00,defeat,19080,19223
1158,2025-03-18T14:15:17+00:00,defeat,19009,19934
1159,2025-03-18T17:49:00+00:00,defeat,18908,18984
1160,2025-03-18T18:00:01+00:00,defeat,18810,19037
1161,2025-03-18T18:08:24+00:00,victory,18914,18888
1162,2025-03-18T18:16:19+00:00,defeat,18820,19149
1163,2025-03-18T18:23:29+00:00,defeat,18721,18772
1164,2025-03-18T18:36:02+00:00,victory,18806,18029
1165,2025-03-18T19:09:03+00:00,victory,18902,18617
1166,2025-03-18T19:20:26+00:00,victory,19000,18834
1167,2025-03-18T19:30:53+00:00,defeat,18910,19286
1168,2025-03-18T19:40:54+00:00,defeat,18808,18893
1169,2025-03-18T20:53:10+00:00,victory,18908,18726
1170,2025-03-18T21:02:31+00:00,victory,18992,18334
1171,2025-03-18T21:20:43+00:00,victory,19065,18041
1172,2025-03-18T21:26:04+00:00,defeat,18943,18205
1173,2025-03-18T21:37:18+00:00,defeat,18832,18589
1174,2025-03-18T22:45:48+00:00,victory,18922,17538
1175,2025-03-18T22:51:51+00:00,defeat,18826,19104
1176,2025-03-18T22:59:53+00:00,victory,18921,18598
1177,2025-03-18T23:07:53+00:00,defeat,18840,19590
1178,2025-03-18T23:17:41+00:00,victory_by_dq,18936,18642
1179,2025-03-18T23:25:18+00:00,victory,19030,18735
1180,2025-03-18T23:39:35+00:00,defeat,18965,20143
1181,2025-03-18T23:49:58+00:00,defeat,18870,19155
1182,2025-03-19T21:27:53+00:00,defeat,18791,19637
1183,2025-03-19T21:36:58+00:00,victory,18870,17878
1184,2025-03-19T21:58:12+00:00,defeat,18774,19046
1185,2025-03-19T22:20:24+00:00,victory,18870,18509
1186,2025-03-19T22:39:29+00:00,victory,18990,19527
1187,2025-03-19T23:43:35+00:00,defeat,18892,19065
1188,2025-03-19T23:53:59+00:00,victory,18997,19031
1189,2025-03-20T00:03:38+00:00,defeat,18886,18639
1190,2025-03-20T00:10:02+00:00,defeat,18812,19715
1191,2025-03-20T17:40:57+00:00,victory,18901,18322
1192,2025-03-20T17:50:12+00:00,defeat,18815,19429
1193,2025-03-20T18:04:17+00:00,defeat,18723,19187
1194,2025-03-20T18:15:02+00:00,victory,18812,18180
1195,2025-03-20T18:30:30+00:00,defeat,18715,19045
1196,2025-03-20T18:40:14+00:00,victory,18807,18294
1197,2025-03-20T18:45:40+00:00,victory_by_dq,18912,18928
1198,2025-03-20T18:51:16+00:00,defeat,18798,18490
1199,2025-03-20T19:00:55+00:00,victory,18894,18564
1200,2025-03-20T19:12:57+00:00,victory,18994,18879
1201,2025-03-20T20:47:23+00:00,defeat,18892,18935
1202,2025-03-20T21:00:51+00:00,victory,18987,18694
1203,2025-03-20T21:14:03+00:00,defeat,18873,18531
1204,2025-03-20T21:21:58+00:00,victory,18971,18767
1205,2025-03-20T21:30:58+00:00,defeat,18878,19226
1206,2025-03-20T21:39:14+00:00,defeat,18764,18462
1207,2025-03-20T21:51:16+00:00,defeat,18632,17740
1208,2025-03-21T15:23:23+00:00,victory,18753,19172
1209,2025-03-21T15:30:31+00:00,defeat,18649,18748
1210,2025-03-21T15:35:24+00:00,defeat,18555,18923
1211,2025-03-21T15:43:30+00:00,victory,18656,18370
1212,2025-03-21T15:53:49+00:00,victory,18754,18432
1213,2025-03-21T16:00:50+00:00,victory,18851,18531
1214,2025-03-21T16:15:09+00:00,victory,18988,20036
1215,2025-03-21T16:35:22+00:00,defeat,18898,19313
1216,2025-03-21T16:42:31+00:00,victory,19003,19062
1217,2025-03-21T16:49:02+00:00,victory,19092,18659
1218,2025-03-21T17:03:25+00:00,defeat,18979,18517
1219,2025-03-21T18:26:13+00:00,defeat,18880,19045
1220,2025-03-21T18:34:42+00:00,victory,18971,18529
1221,2025-03-21T18:46:36+00:00,victory,19056,18478
1222,2025-03-21T18:59:11+00:00,defeat,18973,19462
1223,2025-03-21T19:10:18+00:00,victory,19076,19125
1224,2025-03-21T19:17:37+00:00,defeat,18972,18904
1225,2025-03-21T19:24:49+00:00,victory,19073,19035
1226,2025-03-21T19:32:24+00:00,victory,19171,19108
1227,2025-03-21T19:44:45+00:00,victory,19271,19352
1228,2025-03-21T22:28:04+00:00,victory,19386,20006
1229,2025-03-21T22:36:20+00:00,defeat,19306,19785
1230,2025-03-21T22:43:50+00:00,defeat,19205,19059
1231,2025-03-21T22:54:40+00:00,defeat,19106,19122
1232,2025-03-21T23:11:36+00:00,defeat,19030,19793
1233,2025-03-21T23:20:42+00:00,defeat,18933,19095
1234,2025-03-21T23:34:05+00:00,victory,19030,18862
1235,2025-03-21T23:49:23+00:00,victory,19135,19298
1236,2025-03-21T23:57:14+00:00,victory,19235,19284
1237,2025-03-22T17:56:49+00:00,victory,19349,19909
1238,2025-03-22T18:09:04+00:00,defeat,19265,19666
1239,2025-03-22T18:17:44+00:00,defeat,19198,19823
1240,2025-03-22T18:25:50+00:00,victory,19281,18763
1241,2025-03-22T19:35:49+00:00,victory,19370,19156
1242,2025-03-22T20:06:39+00:00,victory,19452,19032
1243,2025-03-22T20:16:36+00:00,defeat,19352,19148
1244,2025-03-22T20:24:21+00:00,defeat,19237,18527
1245,2025-03-22T20:37:55+00:00,victory,19319,18830
1246,2025-03-22T20:47:26+00:00,defeat,19201,18434
1247,2025-03-22T20:57:51+00:00,defeat,19098,18963
1248,2025-03-22T22:19:59+00:00,defeat,19003,19211
1249,2025-03-22T22:26:09+00:00,victory,19077,18045
1250,2025-03-22T22:32:05+00:00,defeat,18970,18789
1251,2025-03-22T22:40:00+00:00,defeat,18876,19184
1252,2025-03-22T22:48:20+00:00,defeat,18785,19256
1253,2025-03-23T19:20:01+00:00,defeat,18679,18710
1254,2025-03-23T19:23:38+00:00,victory_by_dq,18775,18395
1255,2025-03-23T19:32:23+00:00,defeat,18701,19741
1256,2025-03-23T19:42:53+00:00,victory,18802,18598
1257,2025-03-23T19:55:55+00:00,victory,18897,18550
1258,2025-03-23T20:03:11+00:00,victory,18986,18478
1259,2025-03-23T20:17:45+00:00,victory,19080,18839
1260,2025-03-23T20:27:46+00:00,defeat,18996,19558
1261,2025-03-23T20:36:02+00:00,victory,19078,18384
1262,2025-03-23T20:46:24+00:00,victory,19169,18876
1263,2025-03-23T22:17:22+00:00,defeat,19100,20053
1264,2025-03-23T22:28:09+00:00,victory,19184,18621
1265,2025-03-23T22:39:53+00:00,victory,19292,19635
1266,2025-03-23T22:48:47+00:00,defeat,19206,19563
1267,2025-03-23T23:02:38+00:00,defeat,19106,19066
1268,2025-03-23T23:20:58+00:00,victory,19196,18917
1269,2025-03-23T23:30:02+00:00,defeat,19083,18581
1270,2025-03-24T16:13:14+00:00,victory,19202,19803
1271,2025-03-24T16:21:22+00:00,victory,19294,19135
1272,2025-03-24T16:30:02+00:00,defeat,19221,19981
1273,2025-03-24T16:42:12+00:00,defeat,19133,19458
1274,2025-03-24T16:50:44+00:00,defeat,19061,19963
1275,2025-03-24T16:56:36+00:00,defeat,18960,18993
1276,2025-03-24T17:03:02+00:00,victory,19058,18918
1277,2025-03-24T17:30:27+00:00,victory,19141,18554
1278,2025-03-24T17:40:20+00:00,defeat,19045,19165
1279,2025-03-24T17:46:11+00:00,victory,19140,18955
1280,2025-03-24T17:55:19+00:00,victory,19239,19270
1281,2025-03-24T18:02:47+00:00,victory,19340,19491
1282,2025-03-24T18:09:18+00:00,defeat,19249,19430
1283,2025-03-24T19:17:18+00:00,defeat,19137,18618
1284,2025-03-24T19:27:31+00:00,victory,19239,19376
1285,2025-03-24T19:42:57+00:00,victory,19333,19272
1286,2025-03-24T19:53:32+00:00,victory,19418,19098
1287,2025-03-24T20:04:52+00:00,defeat,19329,19477
1288,2025-03-24T20:13:10+00:00,victory,19417,19222
1289,2025-03-24T20:23:57+00:00,victory,19493,18888
1290,2025-03-24T20:30:12+00:00,no_contest,19493,19521
1291,2025-03-24T20:39:38+00:00,defeat,19406,19572
1292,2025-03-24T20:53:07+00:00,victory,19484,18948
1293,2025-03-24T22:14:52+00:00,victory,19580,19726
1294,2025-03-24T22:25:08+00:00,victory,19667,19588
1295,2025-03-24T22:34:54+00:00,defeat,19591,20013
1296,2025-03-24T22:41:24+00:00,defeat,19507,19715
1297,2025-03-24T22:57:20+00:00,victory,19575,18749
1298,2025-03-24T23:10:58+00:00,defeat,19477,19224
1299,2025-03-25T20:33:56+00:00,victory,19558,19197
1300,2025-03-25T20:39:49+00:00,victory,19649,19700
1301,2025-03-25T20:51:55+00:00,defeat,19573,20002
1302,2025-03-25T20:57:23+00:00,victory,19668,19848
1303,2025-03-25T21:08:13+00:00,defeat,19575,19470
1304,2025-03-25T21:20:44+00:00,defeat,19478,19275
1305,2025-03-25T21:31:30+00:00,defeat,19413,20267
1306,2025-03-25T21:38:54+00:00,victory,19493,19062
1307,2025-03-25T21:55:00+00:00,victory,19561,18709
1308,2025-03-25T22:02:20+00:00,defeat,19467,19396
1309,2025-03-25T22:44:38+00:00,defeat,19369,19190
1310,2025-03-25T22:54:07+00:00,defeat,19251,18438
1311,2025-03-26T20:09:55+00:00,victory,19339,19054
1312,2025-03-26T20:19:05+00:00,defeat,19242,19098
1313,2025-03-26T20:27:29+00:00,victory,19330,19016
1314,2025-03-26T20:36:53+00:00,victory,19411,18937
1315,2025-03-26T20:52:30+00:00,defeat,19311,19127
1316,2025-03-26T20:58:46+00:00,victory,19377,18318
1317,2025-03-26T22:25:16+00:00,victory,19436,18084
1318,2025-03-26T22:32:11+00:00,victory,19540,19856
1319,2025-03-26T22:42:47+00:00,victory,19617,18635
1320,2025-03-26T22:54:29+00:00,defeat,19542,20033
1321,2025-03-26T22:56:18+00:00,no_contest,19542,19474
1322,2025-03-26T23:05:42+00:00,defeat,19462,19850
1323,2025-03-26T23:16:23+00:00,victory,19535,18830
1324,2025-03-26T23:26:18+00:00,victory,19620,19441
1325,2025-03-26T23:39:12+00:00,defeat,19528,19490
1326,2025-03-26T23:47:00+00:00,defeat,19406,18285
1327,2025-03-27T16:47:45+00:00,defeat,19322,19668
1328,2025-03-27T16:57:04+00:00,victory,19413,19287
1329,2025-03-27T17:05:48+00:00,defeat,19314,19179
1330,2025-03-27T17:12:26+00:00,victory,19402,19140
1331,2025-03-27T17:21:58+00:00,victory,19490,19290
1332,2025-03-27T17:30:18+00:00,victory,19575,19346
1333,2025-03-27T17:37:56+00:00,victory,19672,19948
1334,2025-03-27T19:17:15+00:00,victory,19753,19513
1335,2025-03-27T19:28:38+00:00,victory,19850,20193
1336,2025-03-27T19:35:16+00:00,defeat,19758,19557
1337,2025-03-27T19:45:33+00:00,defeat,19686,20182
1338,2025-03-27T19:55:13+00:00,defeat,19588,19295
1339,2025-03-27T20:13:47+00:00,defeat,19501,19629
1340,2025-03-27T20:21:20+00:00,victory,19571,18786
1341,2025-03-27T20:31:24+00:00,defeat,19486,19559
1342,2025-03-27T20:41:14+00:00,victory,19559,18901
1343,2025-03-27T20:49:05+00:00,defeat,19472,19573
1344,2025-03-27T20:57:04+00:00,victory,19566,19645
1345,2025-03-27T22:22:07+00:00,defeat,19489,19951
1346,2025-03-27T22:30:06+00:00,no_contest,19489,19510
1347,2025-03-27T22:39:50+00:00,victory,19568,19135
1348,2025-03-27T22:50:40+00:00,victory,19645,19192
1349,2025-03-28T17:48:45+00:00,defeat,19554,19509
1350,2025-03-28T17:59:18+00:00,victory,19644,19625
1351,2025-03-28T18:13:54+00:00,defeat,19536,18914
1352,2025-03-28T18:41:37+00:00,victory,19635,19912
1353,2025-03-28T18:49:46+00:00,defeat,19524,18729
1354,2025-03-28T18:57:50+00:00,victory,19590,18688
1355,2025-03-28T19:05:42+00:00,defeat,19497,19440
1356,2025-03-28T19:16:46+00:00,defeat,19398,19191
1357,2025-03-28T19:26:00+00:00,defeat,19300,19211
1358,2025-03-28T19:34:39+00:00,defeat,19224,19885
1359,2025-03-28T21:37:16+00:00,victory,19318,19222
1360,2025-03-28T21:47:24+00:00,defeat,19209,18712
1361,2025-03-28T22:00:17+00:00,defeat,19103,18853
1362,2025-03-29T16:52:44+00:00,defeat,19032,19954
1363,2025-03-29T16:58:31+00:00,victory,19126,18924
1364,2025-03-29T17:05:26+00:00,victory,19232,19461
1365,2025-03-29T17:13:50+00:00,victory,19325,19174
1366,2025-03-29T17:28:25+00:00,defeat,19221,18986
1367,2025-03-29T17:34:23+00:00,victory,19312,19118
1368,2025-03-29T18:25:21+00:00,victory,19407,19390
1369,2025-03-29T18:31:55+00:00,victory,19495,19325
1370,2025-03-29T18:40:04+00:00,defeat,19391,19011
1371,2025-03-29T18:46:14+00:00,victory,19459,18511
1372,2025-03-29T18:51:38+00:00,victory,19544,19306
1373,2025-03-29T19:01:30+00:00,victory,19634,19645
1374,2025-03-29T22:34:39+00:00,victory,19716,19497
1375,2025-03-29T22:41:11+00:00,victory,19801,19745
1376,2025-03-29T22:48:09+00:00,victory,19885,19829
1377,2025-03-29T22:56:42+00:00,victory,19979,20336
1378,2025-03-29T23:09:13+00:00,defeat,19910,20355
1379,2025-03-29T23:17:34+00:00,victory,19982,19571
1380,2025-03-29T23:25:44+00:00,defeat,19901,19966
1381,2025-03-29T23:32:45+00:00,defeat,19814,19733
1382,2025-03-29T23:40:11+00:00,victory,19879,19191
1383,2025-03-29T23:47:40+00:00,defeat,19776,19114
1384,2025-03-29T23:58:43+00:00,victory,19833,18733
1385,2025-03-30T00:03:41+00:00,defeat,19736,19356
1386,2025-03-30T00:09:53+00:00,victory,19812,19438
1387,2025-03-30T00:20:27+00:00,defeat,19734,20004
1388,2025-03-30T16:01:12+00:00,defeat,19669,20390
1389,2025-03-30T16:30:17+00:00,defeat,19587,19860
1390,2025-03-30T16:37:39+00:00,defeat,19487,19176
1391,2025-03-30T16:43:16+00:00,victory,19571,19296
1392,2025-03-30T16:52:13+00:00,defeat,19477,19410
1393,2025-03-30T17:03:58+00:00,victory,19527,17776
1394,2025-03-30T17:16:58+00:00,defeat,19395,17831
1395,2025-03-30T22:15:14+00:00,defeat,19315,19803
1396,2025-03-30T22:23:46+00:00,victory,19405,19204
1397,2025-03-30T23:00:00+00:00,victory,19481,18849
1398,2025-03-30T23:07:21+00:00,victory,19575,19647
1399,2025-03-30T23:12:59+00:00,victory,19660,19473
1400,2025-03-30T23:23:35+00:00,defeat,19559,19156
1401,2025-03-30T23:30:33+00:00,defeat,19470,19603
1402,2025-03-31T16:01:34+00:00,defeat,19350,18364
1403,2025-03-31T16:15:18+00:00,defeat,19248,17428
1404,2025-03-31T16:25:48+00:00,victory,19352,19604
1405,2025-03-31T16:33:53+00:00,victory,19446,19390
1406,2025-03-31T16:49:39+00:00,defeat,19362,19619
1407,2025-03-31T16:56:06+00:00,defeat,19258,18992
1408,2025-03-31T22:42:37+00:00,victory,19365,19691
1409,2025-03-31T22:51:15+00:00,defeat,19279,19616
1410,2025-04-01T22:15:32+00:00,defeat,19217,20306
1411,2025-04-01T22:21:36+00:00,victory,19291,18433
1412,2025-04-01T23:37:04+00:00,victory,19382,19213
1413,2025-04-01T23:43:41+00:00,victory,19454,18644
1414,2025-04-01T23:52:43+00:00,defeat,19366,19571
1415,2025-04-01T23:58:02+00:00,victory,19436,18557
1416,2025-04-02T00:07:24+00:00,victory,19515,19012
1417,2025-04-02T00:17:15+00:00,victory,19576,18392
1418,2025-04-02T22:24:13+00:00,victory,19658,19370
1419,2025-04-02T22:40:12+00:00,victory,19746,19741
1420,2025-04-02T22:51:19+00:00,victory,19837,19963
1421,2025-04-02T22:55:49+00:00,defeat,19746,19127
1422,2025-04-02T23:02:02+00:00,victory,19783,17519
1423,2025-04-04T22:29:53+00:00,victory,19857,19435
1424,2025-04-04T22:37:46+00:00,defeat,19773,19851
1425,2025-04-04T22:46:52+00:00,defeat,19685,19689
1426,2025-04-04T22:54:36+00:00,victory,19769,19619
1427,2025-04-04T23:02:52+00:00,victory,19851,19705
1428,2025-04-04T23:09:49+00:00,victory,19937,19973
1429,2025-04-04T23:18:45+00:00,defeat,19868,20340
1430,2025-04-04T23:26:58+00:00,defeat,19775,19536
1431,2025-04-04T23:34:41+00:00,defeat,19689,19770
1432,2025-04-05T16:23:40+00:00,victory,19767,19429
1433,2025-04-05T16:39:15+00:00,victory,19848,18515
1434,2025-04-05T16:48:34+00:00,defeat,19787,20549
1435,2025-04-05T21:22:51+00:00,defeat,19723,20465
1436,2025-04-05T21:31:30+00:00,victory,19786,18848
1437,2025-04-05T21:41:49+00:00,victory,19870,19755
1438,2025-04-05T21:55:38+00:00,victory,19971,20511
1439,2025-04-05T22:08:44+00:00,victory,20027,19007
1440,2025-04-05T22:18:18+00:00,defeat,19941,20730
1441,2025-04-06T14:21:14+00:00,defeat,19869,20263
1442,2025-04-06T14:30:23+00:00,defeat,19774,19444
1443,2025-04-06T15:02:13+00:00,defeat,19676,19344
1444,2025-04-06T15:15:47+00:00,victory,19788,20511
1445,2025-04-06T15:23:05+00:00,victory,19855,19177
1446,2025-04-06T15:30:00+00:00,defeat,19776,20006
1447,2025-04-06T15:40:43+00:00,victory,19855,19604
1448,2025-04-06T15:54:44+00:00,defeat,19788,20380
1449,2025-04-06T16:02:10+00:00,victory,19871,19756
1450,2025-04-06T16:14:52+00:00,defeat,19805,20430
1451,2025-04-06T21:49:08+00:00,victory,19876,19364
1452,2025-04-06T22:06:47+00:00,victory,19966,20133
1453,2025-04-07T15:55:59+00:00,defeat,19898,20425
1454,2025-04-07T16:00:22+00:00,victory,19972,19630
1455,2025-04-07T16:17:19+00:00,defeat,19883,19709
1456,2025-04-07T16:24:07+00:00,defeat,19808,20150
1457,2025-04-07T16:31:34+00:00,victory,19851,17971
1458,2025-04-07T16:49:48+00:00,victory,19905,18723
1459,2025-04-07T16:59:40+00:00,victory,19980,19666
1460,2025-04-07T17:08:09+00:00,defeat,19880,19314
1461,2025-04-07T22:02:19+00:00,defeat,19822,20691
1462,2025-04-07T22:17:40+00:00,victory,19911,20020
1463,2025-04-07T22:27:18+00:00,defeat,19842,20337
1464,2025-04-07T22:41:14+00:00,defeat,19780,20555
1465,2025-04-07T22:48:22+00:00,defeat,19690,19642
1466,2025-04-07T22:57:21+00:00,victory,19746,18475
1467,2025-04-07T23:06:45+00:00,defeat,19651,19458
1468,2025-04-07T23:21:32+00:00,defeat,19586,20371
1469,2025-04-08T21:20:44+00:00,victory,19710,20734
1470,2025-04-08T21:31:17+00:00,defeat,19644,20380
1471,2025-04-08T21:47:53+00:00,victory,19742,20025
1472,2025-04-08T22:08:56+00:00,defeat,19661,19912
1473,2025-04-08T23:07:06+00:00,defeat,19560,18830
1474,2025-04-08T23:10:37+00:00,victory,19625,18647
1475,2025-04-08T23:19:27+00:00,defeat,19532,19495
1476,2025-04-09T21:27:05+00:00,victory,19627,19712
1477,2025-04-09T21:47:49+00:00,victory,19746,20658
1478,2025-04-09T21:59:56+00:00,victory,19822,19419
1479,2025-04-09T22:56:59+00:00,victory,19895,19428
1480,2025-04-09T23:05:52+00:00,defeat,19804,19655
1481,2025-04-09T23:15:58+00:00,defeat,19725,20000
1482,2025-04-09T23:27:34+00:00,victory,19789,18900
1483,2025-04-09T23:37:05+00:00,defeat,19725,20449
1484,2025-04-09T23:47:41+00:00,defeat,19658,20332
1485,2025-04-10T16:10:15+00:00,defeat,19539,18475
1486,2025-04-10T16:21:17+00:00,defeat,19459,19822
1487,2025-04-10T16:29:44+00:00,defeat,19372,19630
1488,2025-04-10T16:39:40+00:00,defeat,19262,18799
1489,2025-04-10T16:44:58+00:00,victory,19347,18955
1490,2025-04-10T20:57:52+00:00,victory,19425,18804
1491,2025-04-10T21:06:01+00:00,victory,19472,17464
1492,2025-04-10T21:17:09+00:00,defeat,19382,19555
1493,2025-04-11T18:35:15+00:00,victory,19468,19161
1494,2025-04-11T18:39:39+00:00,defeat,19384,18667
1495,2025-04-12T23:14:29+00:00,defeat,19294,19511
1496,2025-04-13T20:58:09+00:00,defeat,19188,18928
1497,2025-04-13T21:05:22+00:00,victory,19311,20091
1498,2025-04-13T21:18:11+00:00,defeat,19208,19023
1499,2025-04-13T21:30:53+00:00,defeat,19120,19499
1500,2025-04-14T21:39:03+00:00,victory,19196,18324
1501,2025-04-14T21:47:51+00:00,victory,19294,19269
1502,2025-04-14T21:57:16+00:00,victory,19371,18680
1503,2025-04-14T22:05:40+00:00,defeat,19294,19866
1504,2025-04-14T22:17:31+00:00,victory,19368,18552
1505,2025-04-14T22:29:08+00:00,victory,19426,17960
1506,2025-04-15T14:16:48+00:00,victory,19504,18946
1507,2025-04-16T20:16:25+00:00,victory,19577,18891
1508,2025-04-16T20:28:29+00:00,victory,19655,19223
1509,2025-04-16T20:53:58+00:00,defeat,19568,19696
1510,2025-04-16T21:01:18+00:00,defeat,19495,20086
1511,2025-04-16T21:14:25+00:00,defeat,19402,19436
1512,2025-04-16T21:28:45+00:00,victory,19483,19030
1513,2025-04-16T21:37:17+00:00,victory,19582,19809
1514,2025-04-16T23:14:40+00:00,victory,19679,19893
1515,2025-04-16T23:27:34+00:00,defeat,19598,19876
1516,2025-04-16T23:37:30+00:00,defeat,19508,19458
1517,2025-04-16T23:46:03+00:00,victory,19592,19336
1518,2025-04-17T18:45:21+00:00,defeat,19513,19915
1519,2025-04-17T18:58:25+00:00,victory,19615,19952
1520,2025-04-17T19:09:19+00:00,defeat,19517,19294
1521,2025-04-17T19:16:58+00:00,victory,19576,18161
1522,2025-04-17T19:29:51+00:00,defeat,19483,19458
1523,2025-04-17T19:36:56+00:00,victory,19559,18982
1524,2025-04-17T19:45:20+00:00,victory,19645,19494
1525,2025-04-17T22:19:00+00:00,victory,19717,19109
1526,2025-04-17T22:27:02+00:00,victory,19804,19778
1527,2025-04-17T22:38:22+00:00,victory,19875,19338
1528,2025-04-17T22:48:24+00:00,victory,19936,19127
1529,2025-04-17T22:57:44+00:00,victory,19989,18822
1530,2025-04-17T23:05:53+00:00,victory,20073,20108
1531,2025-04-17T23:21:21+00:00,victory,20158,19840
1532,2025-04-18T18:11:58+00:00,defeat,20036,20050
1533,2025-04-18T18:24:35+00:00,victory,20143,20374
1534,2025-04-18T18:39:09+00:00,defeat,20051,20680
1535,2025-04-18T19:04:51+00:00,defeat,19969,20851
1536,2025-04-18T19:14:54+00:00,defeat,19885,19900
1537,2025-04-18T22:55:19+00:00,victory,19965,19804
1538,2025-04-18T23:04:51+00:00,victory,20044,19922
1539,2025-04-18T23:17:53+00:00,victory,20145,20262
1540,2025-04-18T23:26:35+00:00,defeat,20021,19993
1541,2025-04-18T23:37:41+00:00,victory,20075,18549
1542,2025-04-19T20:13:26+00:00,victory,20162,19906
1543,2025-04-19T20:24:50+00:00,victory,20252,20105
1544,2025-04-19T22:04:37+00:00,defeat,20183,20484
1545,2025-04-19T22:19:25+00:00,victory,20254,19993
1546,2025-04-19T22:35:25+00:00,victory,20332,20399
1547,2025-04-19T22:49:18+00:00,defeat,20250,20028
1548,2025-04-19T23:58:01+00:00,victory,20334,20583
1549,2025-04-20T19:21:04+00:00,defeat,20284,21099
1550,2025-04-20T19:35:40+00:00,defeat,20189,19538
1551,2025-04-20T19:53:32+00:00,victory,20236,18997
1552,2025-04-20T20:11:55+00:00,defeat,20172,20493
1553,2025-04-20T20:30:30+00:00,victory,20223,19158
1554,2025-04-20T20:44:11+00:00,victory,20316,20794
1555,2025-04-20T22:18:22+00:00,defeat,20263,20999
1556,2025-04-20T22:29:47+00:00,defeat,20169,19606
1557,2025-04-20T22:34:25+00:00,defeat,20051,20166
1558,2025-04-20T22:48:05+00:00,victory,20163,20522
1559,2025-04-20T22:55:08+00:00,defeat,20075,20735
1560,2025-04-20T23:06:43+00:00,defeat,19991,20827
1561,2025-04-20T23:12:33+00:00,defeat,19908,19929
1562,2025-04-20T23:19:26+00:00,defeat,19824,19860
1563,2025-04-21T18:43:51+00:00,defeat,19739,19814
1564,2025-04-21T18:52:25+00:00,defeat,19704,21366
1565,2025-04-21T18:57:21+00:00,victory,19773,19077
1566,2025-04-21T19:10:24+00:00,victory,19840,19121
1567,2025-04-21T19:19:36+00:00,victory,19921,19731
1568,2025-04-21T19:32:09+00:00,defeat,19833,19754
1569,2025-04-21T19:45:06+00:00,defeat,19751,19925
1570,2025-04-21T21:08:57+00:00,victory,19824,19317
1571,2025-04-21T21:19:50+00:00,defeat,19785,21262
1572,2025-04-21T21:25:40+00:00,defeat,19708,20079
1573,2025-04-21T21:32:28+00:00,defeat,19619,19645
1574,2025-04-22T18:37:45+00:00,defeat,19539,19937
1575,2025-04-22T18:47:32+00:00,victory,19621,19285
1576,2025-04-22T19:03:46+00:00,victory,19688,18826
1577,2025-04-22T19:12:38+00:00,defeat,19588,19275
1578,2025-04-22T19:22:05+00:00,victory,19693,20132
1579,2025-04-22T19:33:23+00:00,victory,19773,19481
1580,2025-04-22T19:57:39+00:00,victory,19854,19581
1581,2025-04-22T20:12:15+00:00,defeat,19775,20031
1582,2025-04-22T20:22:39+00:00,defeat,19664,18802
1583,2025-04-22T20:45:36+00:00,defeat,19559,19044
1584,2025-04-22T22:18:10+00:00,victory,19624,18674
1585,2025-04-22T22:28:15+00:00,defeat,19516,18927
1586,2025-04-23T19:13:50+00:00,defeat,19430,19667
1587,2025-04-23T19:21:20+00:00,victory,19509,18978
1588,2025-04-23T19:33:25+00:00,victory,19603,19660
1589,2025-04-23T19:42:48+00:00,defeat,19511,19515
1590,2025-04-23T19:51:26+00:00,victory,19578,18649
1591,2025-04-23T20:03:57+00:00,defeat,19477,19179
1592,2025-04-23T20:11:07+00:00,victory,19575,19740
1593,2025-04-23T20:23:46+00:00,defeat,19510,20350
1594,2025-04-23T20:33:25+00:00,victory,19607,19776
1595,2025-04-23T20:57:11+00:00,defeat,19534,20114
1596,2025-04-23T23:32:26+00:00,victory,19623,18766
1597,2025-04-23T23:41:48+00:00,victory,19724,20109
1598,2025-04-23T23:52:09+00:00,victory,19799,19356
1599,2025-04-24T00:10:19+00:00,defeat,19708,19597
1600,2025-04-24T17:58:34+00:00,victory,19791,19633
1601,2025-04-24T18:14:12+00:00,victory,19880,19977
1602,2025-04-24T18:24:34+00:00,defeat,19772,18781
1603,2025-04-24T18:37:28+00:00,victory,19860,19908
1604,2025-04-24T18:51:44+00:00,defeat,19778,19908
1605,2025-04-24T21:34:28+00:00,defeat,19699,20004
1606,2025-04-24T21:46:42+00:00,defeat,19600,19253
1607,2025-04-24T21:56:43+00:00,victory,19676,19206
1608,2025-04-24T23:50:46+00:00,no_contest,19676,20402
1609,2025-04-24T23:59:47+00:00,defeat,19591,19723
1610,2025-04-25T00:10:13+00:00,defeat,19515,20006
1611,2025-04-25T00:23:23+00:00,defeat,19437,19923
1612,2025-04-25T19:29:24+00:00,victory,19520,19167
1613,2025-04-25T19:42:48+00:00,defeat,19406,18632
1614,2025-04-25T19:52:41+00:00,victory,19494,19317
1615,2025-04-26T19:03:55+00:00,victory,19591,19749
1616,2025-04-26T19:11:25+00:00,defeat,19513,19956
1617,2025-04-26T20:26:17+00:00,defeat,19431,19760
1618,2025-04-26T20:34:18+00:00,victory,19507,18936
1619,2025-04-26T20:43:11+00:00,victory,19598,19585
1620,2025-04-26T20:48:55+00:00,victory,19679,19409
1621,2025-04-26T20:58:02+00:00,defeat,19602,19967
1622,2025-04-26T22:33:06+00:00,victory,19677,19172
1623,2025-04-26T22:38:58+00:00,defeat,19588,19622
1624,2025-04-26T22:45:49+00:00,victory,19667,19304
1625,2025-04-26T22:53:08+00:00,victory,19742,19260
1626,2025-04-26T23:01:15+00:00,defeat,19658,19778
1627,2025-04-26T23:10:29+00:00,defeat,19590,20004
1628,2025-04-26T23:15:19+00:00,defeat,19506,19714
1629,2025-04-26T23:22:17+00:00,defeat,19422,19724
1630,2025-04-26T23:32:52+00:00,victory,19551,20677
1631,2025-04-26T23:41:31+00:00,victory,19623,18514
1632,2025-04-27T17:46:03+00:00,victory,19702,19350
1633,2025-04-27T17:55:58+00:00,victory,19772,19150
1634,2025-04-27T18:07:27+00:00,victory,19843,19300
1635,2025-04-27T18:16:41+00:00,defeat,19770,20203
1636,2025-04-27T19:47:33+00:00,victory,19859,19927
1637,2025-04-27T19:54:53+00:00,defeat,19768,19493
1638,2025-04-27T20:05:09+00:00,defeat,19672,19397
1639,2025-04-27T20:12:51+00:00,defeat,19610,19825
1640,2025-04-27T21:54:51+00:00,defeat,19516,19416
1641,2025-04-27T22:05:07+00:00,victory,19595,19147
1642,2025-04-27T22:11:36+00:00,victory,19676,19385
1643,2025-04-28T18:22:53+00:00,victory,19769,19923
1644,2025-04-28T18:31:48+00:00,defeat,19686,19834
1645,2025-04-28T18:42:32+00:00,victory,19763,19414
1646,2025-04-28T18:51:35+00:00,defeat,19671,19529
1647,2025-04-28T19:04:57+00:00,defeat,19561,18798
1648,2025-04-28T22:52:42+00:00,victory,19636,19118
1649,2025-04-28T23:02:36+00:00,victory,19714,19351
1650,2025-04-28T23:11:14+00:00,victory,19787,19261
1651,2025-04-28T23:26:19+00:00,victory,19851,19051
1652,2025-04-29T16:37:30+00:00,victory,19913,19111
1653,2025-04-29T16:48:04+00:00,victory,20011,20471
1654,2025-04-29T21:46:35+00:00,defeat,19868,19499
1655,2025-04-29T21:55:13+00:00,defeat,19804,20472
1656,2025-04-29T22:05:32+00:00,defeat,19725,19991
1657,2025-04-29T22:15:23+00:00,defeat,19652,20159
1658,2025-04-29T22:25:49+00:00,defeat,19586,20313
1659,2025-04-29T22:35:11+00:00,victory,19662,19167
1660,2025-04-29T22:41:32+00:00,victory,19750,19767
1661,2025-04-29T22:48:41+00:00,victory,19841,19991
1662,2025-04-29T22:54:02+00:00,defeat,19744,19338
1663,2025-04-29T22:59:59+00:00,victory,19836,20015
1664,2025-04-29T23:09:03+00:00,defeat,19742,19503
1665,2025-04-30T18:01:37+00:00,victory,19824,19658
1666,2025-04-30T18:16:29+00:00,defeat,19736,19694
1667,2025-04-30T18:27:23+00:00,victory,19837,20283
1668,2025-04-30T18:35:28+00:00,defeat,19746,19577
1669,2025-04-30T18:41:56+00:00,defeat,19659,19683
1670,2025-04-30T18:57:16+00:00,defeat,19583,20021
1671,2025-04-30T20:21:55+00:00,victory,19677,19822
1672,2025-04-30T22:15:02+00:00,victory,19754,19393
1673,2025-04-30T22:35:31+00:00,defeat,19662,19521
1674,2025-04-30T22:42:05+00:00,victory,19734,19146
1675,2025-05-01T18:09:25+00:00,defeat,19646,19649
1676,2025-05-01T18:16:50+00:00,defeat,19541,19031
1677,2025-05-01T18:28:14+00:00,defeat,19448,19389
1678,2025-05-01T18:37:58+00:00,victory,19534,19333
1679,2025-05-01T18:48:27+00:00,victory,19617,19373
1680,2025-05-01T18:57:34+00:00,defeat,19510,18400
1681,2025-05-01T19:02:16+00:00,victory,19590,19199
1682,2025-05-01T19:13:52+00:00,victory,19658,18148
1683,2025-05-01T19:21:52+00:00,defeat,19583,20041
1684,2025-05-01T21:52:22+00:00,defeat,19486,19298
1685,2025-05-01T21:58:43+00:00,defeat,19399,19605
1686,2025-05-01T22:06:47+00:00,defeat,19286,18665
1687,2025-05-01T22:16:26+00:00,defeat,19198,19509
1688,2025-05-01T22:25:31+00:00,victory,19293,19214
1689,2025-05-01T22:29:59+00:00,victory,19383,19178
1690,2025-05-01T22:34:07+00:00,victory,19458,18796
1691,2025-05-01T22:43:11+00:00,defeat,19360,19233
1692,2025-05-01T22:49:43+00:00,defeat,19277,19676
1693,2025-05-01T22:57:45+00:00,victory,19368,19224
1694,2025-05-01T23:02:54+00:00,defeat,19286,19706
1695,2025-05-02T18:14:30+00:00,defeat,19195,19403
1696,2025-05-02T18:22:00+00:00,victory,19294,19343
1697,2025-05-02T18:30:51+00:00,victory,19393,19522
1698,2025-05-02T18:43:33+00:00,victory,19474,19014
1699,2025-05-02T18:51:30+00:00,victory,19584,20176
1700,2025-05-02T19:01:40+00:00,victory,19655,18985
1701,2025-05-02T19:10:00+00:00,defeat,19570,18281
1702,2025-05-02T19:20:20+00:00,defeat,19489,19805
1703,2025-05-02T19:33:10+00:00,defeat,19401,19561
1704,2025-05-02T19:43:08+00:00,victory,19470,18576
1705,2025-05-02T21:15:26+00:00,victory,19559,19493
1706,2025-05-02T21:24:55+00:00,defeat,19495,20345
1707,2025-05-02T21:35:43+00:00,victory,19572,19069
1708,2025-05-02T21:56:46+00:00,victory,19646,19060
1709,2025-05-02T22:04:16+00:00,defeat,19585,20481
1710,2025-05-02T23:03:12+00:00,no_contest,19585,20689
1711,2025-05-03T19:48:17+00:00,defeat,19494,19518
1712,2025-05-03T19:55:33+00:00,victory,19594,19872
1713,2025-05-03T20:04:29+00:00,defeat,19509,19702
1714,2025-05-03T20:10:52+00:00,defeat,19413,19304
1715,2025-05-03T20:18:12+00:00,defeat,19305,18838
1716,2025-05-03T20:28:15+00:00,defeat,19216,19477
1717,2025-05-03T20:34:14+00:00,victory,19315,19394
1718,2025-05-03T22:07:19+00:00,defeat,19233,19684
1719,2025-05-03T22:17:43+00:00,defeat,19130,18991
1720,2025-05-03T22:24:00+00:00,defeat,19040,19343
1721,2025-05-03T22:31:48+00:00,defeat,18934,18829
1722,2025-05-04T18:00:39+00:00,defeat,18829,18758
1723,2025-05-04T18:06:50+00:00,victory,18928,18778
1724,2025-05-04T18:13:55+00:00,victory,19029,18984
1725,2025-05-04T18:22:59+00:00,defeat,18938,19300
1726,2025-05-04T18:32:32+00:00,victory,19018,18208
1727,2025-05-04T18:41:51+00:00,defeat,18922,19140
1728,2025-05-04T18:53:40+00:00,victory,19000,18112
1729,2025-05-04T19:07:41+00:00,victory,19094,18854
1730,2025-05-04T19:17:57+00:00,victory,19209,19703
1731,2025-05-04T19:27:44+00:00,defeat,19136,19950
1732,2025-05-04T19:38:36+00:00,defeat,19028,18770
1733,2025-05-04T21:18:12+00:00,victory,19108,18365
1734,2025-05-04T21:24:40+00:00,defeat,19014,19209
1735,2025-05-04T21:33:37+00:00,victory,19115,19138
1736,2025-05-04T21:43:23+00:00,victory,19181,17919
1737,2025-05-04T21:55:49+00:00,defeat,19091,19415
1738,2025-05-04T22:04:21+00:00,defeat,18999,19269
1739,2025-05-05T17:52:08+00:00,victory,19108,19364
1740,2025-05-05T18:05:12+00:00,defeat,19026,19624
1741,2025-05-05T18:14:25+00:00,victory,19127,19156
1742,2025-05-05T18:22:13+00:00,defeat,19029,19082
1743,2025-05-05T18:33:59+00:00,defeat,18926,18908
1744,2025-05-05T18:39:49+00:00,victory,18992,17587
1745,2025-05-05T18:45:13+00:00,victory_by_dq,19043,19043
1746,2025-05-05T18:52:45+00:00,victory,19151,19369
1747,2025-05-05T18:59:38+00:00,victory,19235,18738
1748,2025-05-05T19:10:05+00:00,defeat,19143,19360
1749,2025-05-05T19:19:24+00:00,victory,19239,19120
1750,2025-05-05T19:28:48+00:00,victory,19334,19301
1751,2025-05-05T20:54:03+00:00,victory,19414,18888
1752,2025-05-05T21:02:40+00:00,victory,19493,19008
1753,2025-05-05T21:12:25+00:00,victory,19581,19459
1754,2025-05-05T21:28:36+00:00,victory,19670,19631
1755,2025-05-05T21:34:49+00:00,victory,19762,19914
1756,2025-05-05T21:46:14+00:00,defeat,19699,20447
1757,2025-05-05T21:58:21+00:00,defeat,19624,20067
1758,2025-05-05T22:08:24+00:00,victory,19708,19535
1759,2025-05-05T22:21:07+00:00,defeat,19610,19281
1760,2025-05-05T22:33:50+00:00,defeat,19561,20863
1761,2025-05-06T18:10:32+00:00,defeat,19455,18974
1762,2025-05-06T18:18:08+00:00,victory,19544,19423
1763,2025-05-06T18:33:10+00:00,defeat,19497,20873
1764,2025-05-06T18:43:28+00:00,victory,19588,19562
1765,2025-05-06T18:51:36+00:00,defeat,19470,18484
1766,2025-05-06T19:47:44+00:00,defeat,19395,20001
1767,2025-05-06T20:28:11+00:00,victory,19473,18899
1768,2025-05-06T20:42:41+00:00,defeat,19370,19077
1769,2025-05-06T20:54:10+00:00,victory,19465,19461
1770,2025-05-06T21:15:19+00:00,victory,19535,18719
1771,2025-05-06T21:24:04+00:00,victory,19612,19132
1772,2025-05-06T22:20:30+00:00,defeat,19501,18779
1773,2025-05-06T22:28:07+00:00,victory,19611,20158
1774,2025-05-06T22:41:21+00:00,victory,19699,19636
1775,2025-05-06T22:50:57+00:00,victory,19775,19358
1776,2025-05-06T22:59:31+00:00,defeat,19701,20053
1777,2025-05-06T23:14:28+00:00,defeat,19607,19454
1778,2025-05-07T17:38:54+00:00,defeat,19541,20319
1779,2025-05-07T17:47:10+00:00,victory,19615,19024
1780,2025-05-07T17:52:42+00:00,defeat,19530,19719
1781,2025-05-07T18:01:12+00:00,victory,19639,20209
1782,2025-05-07T18:09:40+00:00,defeat,19553,19709
1783,2025-05-07T18:18:58+00:00,defeat,19469,19714
1784,2025-05-07T18:31:29+00:00,defeat,19369,19167
1785,2025-05-07T18:44:31+00:00,victory,19450,18985
1786,2025-05-07T20:39:27+00:00,victory,19548,19742
1787,2025-05-07T20:47:03+00:00,defeat,19464,19712
1788,2025-05-07T20:55:37+00:00,defeat,19384,19836
1789,2025-05-07T21:04:46+00:00,victory,19460,18824
1790,2025-05-07T21:19:31+00:00,victory,19534,18864
1791,2025-05-07T21:27:36+00:00,defeat,19456,19879
1792,2025-05-07T21:38:50+00:00,victory,19559,19905
1793,2025-05-07T22:47:35+00:00,defeat,19474,19635
1794,2025-05-07T22:58:43+00:00,victory,19570,19718
1795,2025-05-07T23:07:32+00:00,defeat,19484,19664
1796,2025-05-08T19:51:09+00:00,victory,19574,19517
1797,2025-05-08T20:00:00+00:00,defeat,19488,19644
1798,2025-05-08T20:15:22+00:00,defeat,19432,20575
1799,2025-05-08T20:21:33+00:00,victory,19532,19776
1800,2025-05-08T20:31:07+00:00,defeat,19443,19552
1801,2025-05-08T20:38:26+00:00,victory,19516,18808
1802,2025-05-08T20:45:38+00:00,victory,19607,19630
1803,2025-05-08T20:53:01+00:00,victory,19682,19150
1804,2025-05-08T23:19:01+00:00,victory,19769,19764
1805,2025-05-08T23:38:31+00:00,defeat,19708,20524
1806,2025-05-08T23:52:03+00:00,defeat,19617,19557
1807,2025-05-09T18:46:09+00:00,victory,19712,19884
1808,2025-05-09T18:52:11+00:00,defeat,19626,19734
1809,2025-05-09T18:57:05+00:00,victory,19712,19632
1810,2025-05-09T19:08:46+00:00,defeat,19652,20516
1811,2025-05-09T19:16:12+00:00,victory,19742,19804
1812,2025-05-09T19:25:34+00:00,victory,19809,19090
1813,2025-05-09T19:43:38+00:00,defeat,19698,18825
1814,2025-05-09T19:55:19+00:00,defeat,19616,19818
1815,2025-05-09T20:00:07+00:00,victory,19692,19245
1816,2025-05-09T20:12:12+00:00,victory,19777,19681
1817,2025-05-09T21:39:38+00:00,defeat,19688,19632
1818,2025-05-09T21:47:51+00:00,victory,19778,19871
1819,2025-05-09T21:55:38+00:00,victory,19827,18341
1820,2025-05-09T22:05:44+00:00,defeat_by_dq,19750,20038
1821,2025-05-09T22:16:20+00:00,defeat,19662,19665
1822,2025-05-09T22:26:42+00:00,defeat,19605,20496
1823,2025-05-10T18:23:39+00:00,victory,19678,19118
1824,2025-05-10T18:33:42+00:00,victory,19747,19060
1825,2025-05-10T18:45:38+00:00,defeat,19667,19935
1826,2025-05-10T18:56:20+00:00,victory,19775,20370
1827,2025-05-10T19:09:59+00:00,defeat,19694,19916
1828,2025-05-10T19:18:16+00:00,defeat,19598,19382
1829,2025-05-10T19:26:52+00:00,victory,19686,19633
1830,2025-05-10T21:03:13+00:00,defeat,19594,19514
1831,2025-05-10T21:12:53+00:00,defeat,19500,19382
1832,2025-05-10T21:21:05+00:00,victory,19566,18578
1833,2025-05-10T21:27:11+00:00,defeat,19480,19667
1834,2025-05-10T21:34:53+00:00,victory,19557,19027
1835,2025-05-10T21:41:30+00:00,defeat,19479,19939
1836,2025-05-10T21:46:44+00:00,victory,19555,18937
1837,2025-05-10T21:56:52+00:00,victory,19632,19174
1838,2025-05-10T22:17:21+00:00,defeat,19542,19540
1839,2025-05-10T22:23:54+00:00,defeat,19442,19178
1840,2025-05-11T17:34:57+00:00,victory,19502,18228
1841,2025-05-11T17:43:10+00:00,defeat,19401,19134
1842,2025-05-11T17:58:11+00:00,victory,19495,19513
1843,2025-05-11T18:07:03+00:00,victory,19594,19860
1844,2025-05-11T18:21:25+00:00,defeat,19501,19442
1845,2025-05-11T18:27:41+00:00,victory,19593,19588
1846,2025-05-11T18:38:37+00:00,defeat,19491,19124
1847,2025-05-11T18:48:30+00:00,defeat,19387,18023
1848,2025-05-11T19:51:34+00:00,defeat,19290,19271
1849,2025-05-11T19:59:50+00:00,victory,19381,19203
1850,2025-05-11T20:01:50+00:00,no_contest,19381,19525
1851,2025-05-11T20:16:53+00:00,defeat,19268,18641
1852,2025-05-11T20:23:18+00:00,victory,19350,18856
1853,2025-05-11T20:33:44+00:00,defeat,19284,19316
1854,2025-05-11T20:50:22+00:00,victory,19377,19254
1855,2025-05-11T20:56:48+00:00,defeat,19291,19627
1856,2025-05-11T21:47:36+00:00,defeat,19193,19180
1857,2025-05-11T22:00:12+00:00,victory,19257,17936
1858,2025-05-11T22:06:34+00:00,victory,19339,18821
1859,2025-05-11T22:13:55+00:00,victory,19443,19722
1860,2025-05-11T22:19:56+00:00,victory,19544,19819
1861,2025-05-11T22:29:53+00:00,defeat,19438,18967
1862,2025-05-12T17:52:38+00:00,defeat,19344,19360
1863,2025-05-12T18:03:07+00:00,victory,19444,19597
1864,2025-05-12T18:14:14+00:00,defeat,19360,19702
1865,2025-05-12T18:21:46+00:00,defeat,19266,19320
1866,2025-05-12T18:27:29+00:00,defeat,19188,19468
1867,2025-05-12T18:36:29+00:00,victory,19286,19296
1868,2025-05-12T18:44:21+00:00,victory,19361,18634
1869,2025-05-12T18:54:19+00:00,defeat,19284,19790
1870,2025-05-12T19:05:43+00:00,victory,19360,18643
1871,2025-05-12T20:40:24+00:00,victory,19445,19122
1872,2025-05-12T20:49:15+00:00,defeat,19347,19192
1873,2025-05-12T20:55:46+00:00,victory,19445,19550
1874,2025-05-12T21:07:18+00:00,victory,19515,18707
1875,2025-05-12T21:17:12+00:00,victory,19611,19764
1876,2025-05-13T18:54:24+00:00,victory,19683,19053
1877,2025-05-13T19:10:13+00:00,defeat,19600,19812
1878,2025-05-13T19:18:28+00:00,defeat,19516,19760
1879,2025-05-13T19:27:37+00:00,defeat,19432,19696
1880,2025-05-13T19:40:52+00:00,defeat,19348,19690
1881,2025-05-13T19:50:30+00:00,defeat,19273,19920
1882,2025-05-13T20:03:01+00:00,defeat,19180,19329
1883,2025-05-13T20:10:58+00:00,victory,19270,19010
1884,2025-05-13T21:35:47+00:00,defeat,19165,18907
1885,2025-05-13T21:48:19+00:00,victory,19257,19057
1886,2025-05-13T22:00:53+00:00,victory,19346,19107
1887,2025-05-13T22:15:05+00:00,victory,19438,19382
1888,2025-05-13T22:29:30+00:00,defeat,19361,19898
1889,2025-05-13T22:37:16+00:00,victory,19436,18775
1890,2025-05-14T17:47:16+00:00,victory,19531,19602
1891,2025-05-14T17:57:20+00:00,defeat,19428,19047
1892,2025-05-14T18:06:38+00:00,victory,19514,19305
1893,2025-05-14T18:13:09+00:00,victory,19593,19166
1894,2025-05-14T18:27:31+00:00,victory,19679,19589
1895,2025-05-14T18:38:47+00:00,defeat,19591,19622
1896,2025-05-14T18:47:46+00:00,victory,19684,19800
1897,2025-05-14T18:56:39+00:00,victory,19774,19886
1898,2025-05-14T19:06:55+00:00,victory,19858,19808
1899,2025-05-14T19:17:12+00:00,victory,19975,21018
1900,2025-05-14T19:23:49+00:00,defeat,19885,19653
1901,2025-05-14T21:37:34+00:00,defeat,19790,19440
1902,2025-05-14T21:46:40+00:00,victory,19876,19886
1903,2025-05-14T21:57:20+00:00,defeat,19783,19527
1904,2025-05-14T22:04:07+00:00,defeat,19703,19923
1905,2025-05-14T22:09:58+00:00,victory,19795,19966
1906,2025-05-14T22:24:40+00:00,defeat,19707,19637
1907,2025-05-14T22:32:55+00:00,victory,19791,19720
1908,2025-05-15T17:43:51+00:00,defeat,19713,19991
1909,2025-05-15T17:56:07+00:00,victory,19808,20066
1910,2025-05-15T18:16:09+00:00,defeat,19722,19723
1911,2025-05-15T18:25:15+00:00,defeat,19654,20290
1912,2025-05-15T18:33:00+00:00,defeat,19565,19421
1913,2025-05-15T18:43:35+00:00,defeat,19503,20427
1914,2025-05-15T18:51:15+00:00,victory,19595,19635
1915,2025-05-15T20:22:59+00:00,victory,19678,19452
1916,2025-05-15T20:31:47+00:00,defeat,19616,20470
1917,2025-05-15T20:38:38+00:00,victory,19694,19296
1918,2025-05-15T20:53:39+00:00,victory,19802,20455
1919,2025-05-15T21:06:20+00:00,victory,19874,19405
1920,2025-05-15T21:16:37+00:00,defeat,19813,20579
1921,2025-05-15T22:35:17+00:00,defeat,19730,19836
1922,2025-05-15T22:49:09+00:00,defeat,19639,19543
1923,2025-05-15T22:55:03+00:00,defeat,19563,19992
1924,2025-05-16T17:02:16+00:00,victory,19651,19555
1925,2025-05-16T17:13:48+00:00,victory,19749,20074
1926,2025-05-16T17:32:04+00:00,defeat,19692,20647
1927,2025-05-16T17:41:05+00:00,victory,19785,20014
1928,2025-05-16T17:47:26+00:00,defeat,19738,20958
1929,2025-05-16T17:53:29+00:00,defeat,19656,19895
1930,2025-05-16T18:08:29+00:00,defeat,19555,19186
1931,2025-05-16T18:19:58+00:00,victory,19656,19992
1932,2025-05-16T19:23:27+00:00,victory,19729,19167
1933,2025-05-16T19:35:46+00:00,defeat,19667,20485
1934,2025-05-16T19:42:21+00:00,defeat,19575,19498
1935,2025-05-16T19:49:30+00:00,defeat,19498,19958
1936,2025-05-16T19:56:11+00:00,defeat,19417,19833
1937,2025-05-16T20:09:40+00:00,victory,19479,18252
1938,2025-05-16T20:29:09+00:00,defeat,19362,18531
1939,2025-05-16T20:36:48+00:00,victory,19448,19142
1940,2025-05-16T22:33:25+00:00,victory,19518,18695
1941,2025-05-16T22:43:12+00:00,defeat,19440,19927
1942,2025-05-16T22:56:08+00:00,victory,19512,18742
1943,2025-05-16T23:13:24+00:00,victory,19586,18947
1944,2025-05-16T23:21:30+00:00,defeat,19507,19896
1945,2025-05-17T17:48:49+00:00,victory,19595,19476
1946,2025-05-17T18:00:25+00:00,victory,19670,19172
1947,2025-05-17T18:11:01+00:00,victory,19754,19604
1948,2025-05-17T18:21:19+00:00,victory,19842,19897
1949,2025-05-17T18:34:58+00:00,defeat,19779,20504
1950,2025-05-17T18:46:37+00:00,victory,19885,20485
1951,2025-05-17T18:58:52+00:00,defeat,19791,19529
1952,2025-05-17T19:12:04+00:00,victory,19864,19424
1953,2025-05-17T19:24:46+00:00,victory,19977,20869
1954,2025-05-17T20:34:53+00:00,defeat,19946,21564
1955,2025-05-17T20:45:15+00:00,defeat,19865,20002
1956,2025-05-17T20:53:43+00:00,victory,19939,19556
1957,2025-05-17T22:01:04+00:00,victory,20015,19741
1958,2025-05-17T22:09:20+00:00,victory,20106,19883
1959,2025-05-17T22:19:08+00:00,defeat,20005,20503
1960,2025-05-17T22:26:24+00:00,victory,20081,19392
1961,2025-05-17T22:40:14+00:00,defeat,19973,20328
1962,2025-05-17T22:50:10+00:00,victory,20050,19875
1963,2025-05-17T23:02:57+00:00,defeat,19959,20667
1964,2025-05-17T23:10:26+00:00,victory,20025,19406
1965,2025-05-17T23:24:07+00:00,victory,20127,20244
1966,2025-05-18T21:20:42+00:00,defeat,20002,19975
1967,2025-05-18T21:38:41+00:00,victory,20091,19821
1968,2025-05-18T22:58:32+00:00,defeat,19962,19853
1969,2025-05-18T23:10:58+00:00,defeat,19898,20515
1970,2025-05-18T23:22:45+00:00,defeat,19794,19105
1971,2025-05-18T23:31:33+00:00,victory,19885,20083
1972,2025-05-18T23:41:43+00:00,defeat,19784,19216
1973,2025-05-19T17:48:42+00:00,defeat,19694,19595
1974,2025-05-19T17:58:16+00:00,victory,19762,19053
1975,2025-05-19T18:10:49+00:00,defeat,19677,19773
1976,2025-05-19T18:23:06+00:00,defeat,19581,19383
1977,2025-05-19T18:40:23+00:00,defeat,19495,19649
1978,2025-05-19T18:53:13+00:00,victory,19616,20546
1979,2025-05-19T19:02:44+00:00,victory,19708,19781
1980,2025-05-19T20:11:48+00:00,defeat,19627,19892
1981,2025-05-19T20:22:20+00:00,victory,19727,20074
1982,2025-05-19T20:30:51+00:00,victory,19810,19691
1983,2025-05-19T20:40:59+00:00,victory,19894,19830
1984,2025-05-19T20:54:04+00:00,victory,19934,17728
1985,2025-05-19T21:11:20+00:00,defeat,19845,19724
1986,2025-05-19T21:16:49+00:00,victory,19929,19895
1987,2025-05-19T22:18:49+00:00,defeat,19874,20791
1988,2025-05-19T22:23:13+00:00,victory,19953,19733
1989,2025-05-19T22:35:49+00:00,defeat,19863,19691
1990,2025-05-20T17:54:16+00:00,defeat,19782,19959
1991,2025-05-20T18:04:23+00:00,defeat,19688,19478
1992,2025-05-20T18:18:49+00:00,victory,19790,20226
1993,2025-05-20T18:34:05+00:00,victory,19873,19762
1994,2025-05-20T18:51:24+00:00,defeat,19790,19901
1995,2025-05-20T19:01:33+00:00,victory,19861,19309
1996,2025-05-20T20:23:37+00:00,victory,19932,19475
1997,2025-05-20T20:32:06+00:00,defeat,19835,19408
1998,2025-05-21T17:18:56+00:00,defeat,19763,20219
1999,2025-05-21T17:29:00+00:00,defeat,19677,19712
2000,2025-05-21T17:37:52+00:00,defeat,19599,19918
2001,2025-05-22T17:16:52+00:00,victory,19701,20115
2002,2025-05-22T17:26:46+00:00,defeat,19641,20541
2003,2025-05-22T17:35:34+00:00,victory,19724,19531
2004,2025-05-22T17:43:37+00:00,defeat,19653,20210
2005,2025-05-22T17:53:29+00:00,victory,19738,19606
2006,2025-05-22T18:05:46+00:00,victory,19850,20646
2007,2025-05-22T18:16:00+00:00,victory,19935,19924
2008,2025-05-22T18:27:28+00:00,defeat,19845,19642
2009,2025-05-22T20:44:28+00:00,defeat,19758,19721
2010,2025-05-22T21:02:36+00:00,defeat,19678,19946
2011,2025-05-22T21:17:23+00:00,victory,19779,20202
2012,2025-05-23T17:58:10+00:00,victory,19865,19882
2013,2025-05-23T18:05:11+00:00,victory,19940,19604
2014,2025-05-23T18:24:09+00:00,victory,20015,19756
2015,2025-05-23T18:38:32+00:00,defeat,19912,20391
2016,2025-05-23T18:54:12+00:00,victory,19983,19553
2017,2025-05-23T19:02:43+00:00,victory,20057,19822
2018,2025-05-24T16:48:25+00:00,defeat,19934,19968
2019,2025-05-24T16:56:40+00:00,victory,20025,20294
2020,2025-05-24T17:06:35+00:00,victory,20114,19881
2021,2025-05-24T17:20:28+00:00,defeat,19984,19830
2022,2025-05-24T17:27:31+00:00,victory,20054,19642
2023,2025-05-24T17:37:53+00:00,victory,20138,19793
2024,2025-05-24T17:45:39+00:00,victory,20226,20026
2025,2025-05-24T17:55:43+00:00,defeat,20163,20659
2026,2025-05-24T21:54:10+00:00,defeat,20051,20234
2027,2025-05-24T22:01:48+00:00,defeat,19908,19475
2028,2025-05-24T22:12:41+00:00,victory,20005,20445
2029,2025-05-24T22:13:51+00:00,no_contest,20005,19299
2030,2025-05-24T22:21:47+00:00,defeat,19867,19613
2031,2025-05-24T22:28:41+00:00,victory,19935,19359
2032,2025-05-24T22:36:30+00:00,defeat,19860,20157
2033,2025-05-25T17:26:38+00:00,victory,19917,18899
2034,2025-05-25T17:31:21+00:00,victory,19999,19924
2035,2025-05-25T17:39:51+00:00,victory,20075,19918
2036,2025-05-25T17:53:00+00:00,victory,20174,20244
2037,2025-05-25T18:08:01+00:00,victory,20287,20808
2038,2025-05-25T18:23:28+00:00,victory,20364,20414
2039,2025-05-25T18:41:40+00:00,victory,20445,20683
2040,2025-05-25T18:54:52+00:00,defeat,20370,20309
2041,2025-05-25T22:17:13+00:00,victory,20441,20366
2042,2025-05-25T22:29:06+00:00,defeat,20378,20717
2043,2025-05-25T22:43:03+00:00,victory,20430,19603
2044,2025-05-26T17:58:40+00:00,defeat,20373,20900
2045,2025-05-26T18:12:06+00:00,victory,20459,20855
2046,2025-05-26T18:30:40+00:00,defeat,20401,20880
2047,2025-05-26T18:49:15+00:00,victory,20449,19479
2048,2025-05-26T22:25:47+00:00,defeat,20374,20319
2049,2025-05-26T22:41:19+00:00,victory,20426,19598
2050,2025-05-26T22:51:24+00:00,defeat,20351,20314
2051,2025-05-26T23:03:49+00:00,victory,20380,18162
2052,2025-05-26T23:15:42+00:00,defeat,20315,20656
2053,2025-05-27T16:02:40+00:00,victory,20386,20204
2054,2025-05-27T16:17:27+00:00,defeat,20290,19529
2055,2025-05-27T16:33:38+00:00,defeat,20212,20209
2056,2025-05-28T19:07:53+00:00,defeat,20066,19487
2057,2025-05-28T19:16:20+00:00,defeat,19933,19781
2058,2025-05-28T19:30:30+00:00,victory,20004,19558
2059,2025-05-28T19:40:03+00:00,defeat,19913,20645
2060,2025-05-28T19:50:41+00:00,victory,19991,19811
2061,2025-05-28T20:00:44+00:00,defeat,19901,19673
2062,2025-05-28T20:07:02+00:00,victory,19982,19893
2063,2025-05-28T20:21:41+00:00,victory,20056,19768
2064,2025-05-29T17:48:24+00:00,victory,20157,20270
2065,2025-05-29T18:03:48+00:00,defeat,20067,20728
2066,2025-05-29T18:17:01+00:00,victory,20185,20721
2067,2025-05-29T18:32:31+00:00,defeat,20092,20677
2068,2025-05-29T18:43:43+00:00,victory,20181,19980
2069,2025-05-29T18:56:09+00:00,victory,20237,18963
2070,2025-05-30T17:35:18+00:00,defeat,20143,19592
2071,2025-05-30T17:46:05+00:00,defeat,20046,20583
2072,2025-05-30T17:56:01+00:00,victory,20133,19837
2073,2025-05-30T18:10:29+00:00,defeat,20020,20243
2074,2025-05-30T18:18:49+00:00,victory,20103,19664
2075,2025-05-31T18:01:57+00:00,victory,20205,20370
2076,2025-05-31T18:17:13+00:00,victory,20291,20078
2077,2025-05-31T18:37:12+00:00,victory,20352,19696
2078,2025-05-31T18:49:10+00:00,defeat,20275,20255
2079,2025-06-01T17:10:40+00:00,defeat,20213,20687
2080,2025-06-01T17:16:27+00:00,defeat,20094,20132
2081,2025-06-01T17:33:01+00:00,victory,20193,20282
2082,2025-06-01T18:09:54+00:00,defeat,20051,19550
2083,2025-06-01T18:20:53+00:00,defeat,19955,20559
2084,2025-06-01T18:48:05+00:00,victory,20014,19136
2085,2025-06-01T18:58:10+00:00,victory,20113,20127
2086,2025-06-01T22:09:29+00:00,victory,20186,19505
2087,2025-06-01T22:27:09+00:00,victory,20283,20369
2088,2025-06-03T18:01:41+00:00,victory,20359,20378
2089,2025-06-03T18:16:44+00:00,defeat,20291,20522
2090,2025-06-03T18:29:48+00:00,defeat,20197,19563
2091,2025-06-03T18:40:32+00:00,defeat,20081,20179
2092,2025-06-03T18:55:42+00:00,defeat,19930,19317
2093,2025-06-03T22:53:01+00:00,defeat,19894,21400
2094,2025-06-03T23:01:38+00:00,victory,19960,19298
2095,2025-06-06T16:56:05+00:00,defeat,19878,19945
2096,2025-06-06T17:05:26+00:00,victory,19950,19510
2097,2025-06-06T17:11:40+00:00,defeat,19866,19892
2098,2025-06-06T17:21:33+00:00,defeat,19789,20077
2099,2025-06-06T22:25:13+00:00,defeat,19703,19746
2100,2025-06-06T22:31:52+00:00,defeat,19609,19456
2101,2025-06-06T22:39:56+00:00,defeat,19524,19739
2102,2025-06-06T22:47:00+00:00,victory,19619,19729
2103,2025-06-06T22:57:21+00:00,defeat,19537,19824
2104,2025-06-06T23:03:43+00:00,defeat,19448,19552
2105,2025-06-07T15:29:38+00:00,victory,19538,19465
2106,2025-06-07T15:39:37+00:00,defeat,19475,20393
2107,2025-06-07T15:45:45+00:00,defeat,19397,19890
2108,2025-06-07T15:55:28+00:00,victory,19483,19226
2109,2025-06-07T16:05:00+00:00,defeat,19386,19258
2110,2025-06-07T16:14:48+00:00,victory,19453,18454
2111,2025-06-07T19:14:38+00:00,defeat,19363,19484
2112,2025-06-07T19:33:25+00:00,defeat,19317,20857
2113,2025-06-07T19:41:58+00:00,defeat,19231,19593
2114,2025-06-07T19:54:36+00:00,defeat,19137,19324
2115,2025-06-07T20:02:07+00:00,defeat,19061,19840
2116,2025-06-07T20:11:54+00:00,defeat,18963,19097
2117,2025-06-07T20:23:08+00:00,victory,19064,18995
2118,2025-06-08T15:30:56+00:00,victory,19160,19021
2119,2025-06-08T16:39:26+00:00,victory,19260,19326
2120,2025-06-08T16:52:26+00:00,victory,19370,19817
2121,2025-06-08T17:04:27+00:00,defeat,19258,18691
2122,2025-06-08T17:14:25+00:00,victory,19380,20171
2123,2025-06-08T17:24:46+00:00,defeat,19293,19571
2124,2025-06-08T17:35:12+00:00,victory,19356,18097
2125,2025-06-08T17:46:34+00:00,victory,19434,18826
2126,2025-06-08T22:54:03+00:00,victory,19504,18546
2127,2025-06-08T23:01:59+00:00,defeat,19421,19646
2128,2025-06-09T17:06:14+00:00,victory,19524,19812
2129,2025-06-09T17:15:59+00:00,victory,19590,18663
2130,2025-06-09T17:25:03+00:00,defeat,19509,19846
2131,2025-06-09T18:36:26+00:00,victory,19567,18263
2132,2025-06-09T18:43:45+00:00,victory,19648,19296
2133,2025-06-09T18:54:06+00:00,defeat,19566,19799
2134,2025-06-09T19:07:26+00:00,victory,19658,19711
2135,2025-06-09T22:06:09+00:00,victory,19740,19519
2136,2025-06-09T22:13:29+00:00,victory,19816,19433
2137,2025-06-09T22:22:56+00:00,victory,19890,19487
2138,2025-06-09T22:30:21+00:00,defeat,19805,19805
2139,2025-06-09T22:40:01+00:00,defeat,19714,19580
2140,2025-06-09T22:50:57+00:00,defeat,19661,20768
2141,2025-06-09T23:06:42+00:00,victory,19736,19274
2142,2025-06-09T23:16:37+00:00,defeat,19646,19575
2143,2025-06-10T15:02:00+00:00,victory,19723,19311
2144,2025-06-10T15:08:59+00:00,defeat,19634,19637
2145,2025-06-10T15:18:07+00:00,defeat,19560,20070
2146,2025-06-11T15:36:14+00:00,victory,19631,18936
2147,2025-06-11T15:41:08+00:00,victory,19695,18750
2148,2025-06-11T15:54:57+00:00,defeat,19602,19481
2149,2025-06-11T16:07:11+00:00,victory,19682,19362
2150,2025-06-11T16:22:11+00:00,victory,19778,20021
2151,2025-06-11T16:41:27+00:00,victory,19843,19088
2152,2025-06-11T20:11:47+00:00,defeat,19785,20650
2153,2025-06-11T20:16:40+00:00,victory,19859,19459
2154,2025-06-11T20:29:02+00:00,victory,19922,19155
2155,2025-06-11T20:39:44+00:00,defeat,19831,19594
2156,2025-06-11T20:49:16+00:00,defeat,19737,19468
2157,2025-06-11T20:59:49+00:00,victory,19808,19256
2158,2025-06-11T21:09:12+00:00,defeat,19738,20264
2159,2025-06-11T21:23:56+00:00,victory,19826,19863
2160,2025-06-11T21:34:55+00:00,defeat,19738,19713
2161,2025-06-11T22:30:08+00:00,victory,19827,19892
2162,2025-06-11T22:39:45+00:00,victory,19899,19439
2163,2025-06-11T22:48:42+00:00,defeat,19851,20951
2164,2025-06-11T23:01:53+00:00,defeat,19766,19787
2165,2025-06-11T23:17:12+00:00,victory,19867,20357
2166,2025-06-11T23:22:39+00:00,victory_by_dq,19962,20305
2167,2025-06-11T23:35:01+00:00,defeat,19877,19817
2168,2025-06-11T23:45:42+00:00,victory,19935,18984
2169,2025-06-12T17:11:15+00:00,defeat,19871,20496
2170,2025-06-12T17:17:36+00:00,victory,19950,19756
2171,2025-06-12T17:24:31+00:00,defeat,19868,19961
2172,2025-06-12T17:32:39+00:00,victory,19939,19466
2173,2025-06-12T17:41:12+00:00,victory,20015,19783
2174,2025-06-12T17:48:45+00:00,victory,20098,19666
2175,2025-06-12T17:58:36+00:00,defeat,19947,19306
2176,2025-06-12T18:48:54+00:00,defeat,19870,20080
2177,2025-06-12T18:59:38+00:00,victory,19945,19638
2178,2025-06-12T20:17:47+00:00,victory,20009,19312
2179,2025-06-12T20:30:26+00:00,defeat,19907,20410
2180,2025-06-12T20:37:17+00:00,defeat,19825,19926
2181,2025-06-12T20:54:55+00:00,defeat,19777,20871
2182,2025-06-12T22:23:49+00:00,defeat,19682,19417
2183,2025-06-12T22:30:54+00:00,defeat,19607,20082
2184,2025-06-13T15:54:00+00:00,defeat,19522,19721
2185,2025-06-13T16:01:12+00:00,defeat,19415,18915
2186,2025-06-13T16:12:06+00:00,victory,19507,19462
2187,2025-06-13T16:17:29+00:00,victory,19609,19944
2188,2025-06-13T16:24:57+00:00,victory,19715,20239
2189,2025-06-13T16:31:18+00:00,victory,19801,19770
2190,2025-06-13T17:47:07+00:00,defeat,19722,19973
2191,2025-06-13T17:54:18+00:00,victory,19780,18665
2192,2025-06-13T18:04:18+00:00,victory,19859,19455
2193,2025-06-13T18:16:09+00:00,defeat,19779,19977
2194,2025-06-13T18:29:44+00:00,defeat,19709,20258
2195,2025-06-13T22:51:14+00:00,victory,19800,19922
2196,2025-06-14T16:53:39+00:00,victory,19874,19459
2197,2025-06-14T17:04:20+00:00,victory,19956,19899
2198,2025-06-14T17:15:21+00:00,victory,20036,19968
2199,2025-06-14T17:25:25+00:00,victory,20121,19760
2200,2025-06-14T17:36:35+00:00,defeat,20007,20196
2201,2025-06-15T17:24:52+00:00,victory,20093,19758
2202,2025-06-15T17:40:05+00:00,defeat,19958,19711
2203,2025-06-15T17:48:38+00:00,victory,20038,19962
2204,2025-06-16T18:16:51+00:00,victory,20118,19619
2205,2025-06-16T18:30:13+00:00,victory,20204,19978
2206,2025-06-16T18:45:11+00:00,defeat,20057,19409
2207,2025-06-16T19:01:00+00:00,defeat,19952,20351
2208,2025-06-16T20:41:12+00:00,defeat,19894,20696
2209,2025-06-16T20:47:47+00:00,victory,19975,19892
2210,2025-06-16T20:57:26+00:00,defeat,19889,19797
2211,2025-06-16T21:06:12+00:00,defeat,19776,18681
2212,2025-06-16T21:15:45+00:00,victory,19876,20334
2213,2025-06-17T17:27:02+00:00,defeat_by_dq,19765,18811
2214,2025-06-17T18:33:15+00:00,defeat,19677,19683
2215,2025-06-17T18:41:08+00:00,victory,19751,19232
2216,2025-06-17T18:47:20+00:00,victory,19825,19392
2217,2025-06-17T18:58:17+00:00,defeat,19751,20151
2218,2025-06-17T22:16:38+00:00,defeat,19680,20231
2219,2025-06-17T22:25:27+00:00,defeat,19577,19082
2220,2025-06-17T22:35:31+00:00,victory,19668,19709
2221,2025-06-17T22:43:05+00:00,victory,19758,19810
2222,2025-06-17T22:51:32+00:00,defeat,19714,21079
2223,2025-06-17T22:59:31+00:00,victory,19790,19402
2224,2025-06-17T23:08:51+00:00,defeat,19732,20625
2225,2025-06-17T23:19:24+00:00,victory,19799,19062
2226,2025-06-18T15:28:46+00:00,victory,19895,20202
2227,2025-06-18T15:37:32+00:00,victory,19983,20127
2228,2025-06-18T15:47:29+00:00,defeat,19885,19397
2229,2025-06-18T19:42:49+00:00,defeat,19815,20317
2230,2025-06-18T19:56:49+00:00,defeat,19734,19921
2231,2025-06-18T20:04:10+00:00,victory,19802,19103
2232,2025-06-19T19:20:43+00:00,victory,19900,20348
2233,2025-06-19T19:30:09+00:00,victory,19988,20094
2234,2025-06-19T21:01:09+00:00,victory,20065,19897
2235,2025-06-19T21:10:52+00:00,victory,20161,20138
2236,2025-06-19T21:27:42+00:00,defeat,20073,20666
2237,2025-06-19T22:31:38+00:00,defeat,19944,19874
2238,2025-06-19T22:45:38+00:00,defeat,19840,19152
2239,2025-06-19T22:57:37+00:00,defeat,19785,20699
2240,2025-06-20T17:51:21+00:00,victory,19875,19975
2241,2025-06-20T18:00:20+00:00,victory,19953,19729
2242,2025-06-20T18:17:51+00:00,defeat,19871,19944
2243,2025-06-20T18:26:00+00:00,defeat,19788,19870
2244,2025-06-20T18:35:01+00:00,defeat,19696,19556
2245,2025-06-21T16:55:25+00:00,victory,19787,19910
2246,2025-06-21T17:11:05+00:00,defeat,19723,20432
2247,2025-06-21T17:21:23+00:00,defeat,19639,19796
2248,2025-06-21T17:31:08+00:00,victory,19726,19684
2249,2025-06-21T21:54:15+00:00,victory,19803,19442
2250,2025-06-21T22:09:26+00:00,victory,19860,18756
2251,2025-06-21T22:16:16+00:00,no_contest,19860,20302
2252,2025-06-21T22:30:01+00:00,defeat,19791,20318
2253,2025-06-21T22:36:56+00:00,victory,19859,19218
2254,2025-06-21T22:45:12+00:00,defeat,19770,19698
2255,2025-06-21T22:56:33+00:00,victory,19852,19655
2256,2025-06-21T23:00:49+00:00,victory,19925,19507
2257,2025-06-21T23:11:39+00:00,defeat,19855,20337
2258,2025-06-22T17:05:27+00:00,victory_by_dq,19935,19776
2259,2025-06-22T17:19:07+00:00,defeat,19850,19814
2260,2025-06-22T17:30:48+00:00,victory,19938,20048
2261,2025-06-22T17:39:34+00:00,defeat,19853,19831
2262,2025-06-22T17:48:07+00:00,defeat,19758,19429
2263,2025-06-22T22:22:58+00:00,defeat,19657,19176
2264,2025-06-22T22:32:00+00:00,victory,19723,18890
2265,2025-06-22T22:40:51+00:00,victory,19804,19599
2266,2025-06-22T22:51:14+00:00,victory,19882,19649
2267,2025-06-22T23:00:20+00:00,victory,19963,19892
2268,2025-06-22T23:13:32+00:00,victory,20051,20231
2269,2025-06-22T23:24:17+00:00,victory,20154,20322
2270,2025-06-22T23:33:11+00:00,victory,20228,19629
2271,2025-06-23T19:57:26+00:00,defeat,20107,20086
2272,2025-06-23T20:12:07+00:00,defeat,20013,20427
2273,2025-06-24T18:23:29+00:00,defeat,19946,20921
2274,2025-06-24T18:35:09+00:00,defeat,19871,20182
2275,2025-06-24T18:46:09+00:00,victory,19941,19440
2276,2025-06-24T18:54:10+00:00,victory,20025,20070
2277,2025-06-24T19:02:24+00:00,victory,20117,19944
2278,2025-06-24T20:13:12+00:00,defeat,20007,20298
2279,2025-06-24T20:23:50+00:00,defeat,19889,20060
2280,2025-06-24T20:33:56+00:00,defeat,19813,20114
2281,2025-06-24T20:44:21+00:00,victory,19881,19262
2282,2025-06-24T20:57:10+00:00,victory,19957,19694
2283,2025-06-24T21:08:24+00:00,defeat,19889,20404
2284,2025-06-25T18:51:53+00:00,defeat,19852,21326
2285,2025-06-25T19:01:22+00:00,victory,19933,19788
2286,2025-06-25T20:49:01+00:00,defeat,19838,19497
2287,2025-06-25T21:03:50+00:00,victory,19929,20105
2288,2025-06-25T22:43:04+00:00,victory,20010,19938
2289,2025-06-25T22:53:26+00:00,victory,20089,19477
2290,2025-06-26T17:29:58+00:00,victory,20180,20027
2291,2025-06-26T17:40:39+00:00,defeat,20047,19790
2292,2025-06-26T17:48:33+00:00,victory,20136,19909
2293,2025-06-26T17:57:58+00:00,defeat,20035,20490
2294,2025-06-26T18:11:50+00:00,victory,20118,19699
2295,2025-06-26T18:18:07+00:00,defeat,19992,19919
2296,2025-06-26T18:27:18+00:00,victory,20060,19613
2297,2025-06-26T20:24:34+00:00,victory,20141,19662
2298,2025-06-26T20:42:14+00:00,defeat,20042,20538
2299,2025-06-26T20:53:50+00:00,defeat,19934,20289
2300,2025-06-26T21:11:30+00:00,defeat,19876,20674
2301,2025-06-26T21:16:55+00:00,defeat,19789,19714
2302,2025-06-27T17:24:06+00:00,victory,19868,19665
2303,2025-06-27T17:37:42+00:00,defeat,19782,19752
2304,2025-06-27T17:45:34+00:00,victory,19861,19620
2305,2025-06-27T17:51:01+00:00,defeat,19763,19360
2306,2025-06-27T18:02:32+00:00,defeat,19652,18774
2307,2025-06-27T18:10:51+00:00,victory,19732,19441
2308,2025-06-27T18:20:50+00:00,defeat,19677,20700
2309,2025-06-27T18:27:24+00:00,victory,19769,19885
2310,2025-06-27T20:00:57+00:00,defeat,19681,19678
2311,2025-06-27T20:09:01+00:00,defeat,19605,20020
2312,2025-06-27T20:14:45+00:00,defeat,19529,20000
2313,2025-06-27T20:26:04+00:00,victory,19621,19657
2314,2025-06-27T20:42:29+00:00,victory,19727,20296
2315,2025-06-27T20:51:33+00:00,victory,19801,19329
2316,2025-06-27T21:05:42+00:00,victory,19874,19465
2317,2025-06-27T21:31:16+00:00,defeat,19820,20770
2318,2025-06-28T18:03:58+00:00,defeat,19735,19793
2319,2025-06-28T18:17:11+00:00,defeat,19682,20697
2320,2025-06-28T18:27:02+00:00,defeat,19595,19671
2321,2025-06-28T18:36:18+00:00,defeat,19494,19140
2322,2025-06-28T20:03:56+00:00,victory,19574,19160
2323,2025-06-28T20:13:08+00:00,victory,19645,18978
2324,2025-06-28T20:21:26+00:00,defeat,19551,19410
2325,2025-06-28T22:20:31+00:00,victory,19634,19378
2326,2025-06-28T22:31:46+00:00,victory,19728,19919
2327,2025-06-28T22:41:12+00:00,defeat,19637,19525
2328,2025-06-28T22:48:49+00:00,victory,19720,19519
2329,2025-06-28T22:54:48+00:00,victory,19789,19172
2330,2025-06-28T23:04:15+00:00,defeat,19679,18817
2331,2025-06-28T23:13:25+00:00,victory,19753,19283
2332,2025-06-29T16:54:58+00:00,defeat,19696,20621
2333,2025-06-29T17:03:09+00:00,victory,19776,19516
2334,2025-06-29T17:14:11+00:00,victory,19854,19584
2335,2025-06-29T17:26:10+00:00,defeat,19777,20065
2336,2025-06-29T17:37:43+00:00,defeat,19691,19728
2337,2025-06-29T17:46:22+00:00,victory,19768,19417
2338,2025-06-29T18:03:05+00:00,victory,19840,19364
2339,2025-06-29T18:14:25+00:00,defeat,19773,20358
2340,2025-06-29T18:29:00+00:00,victory,19844,19310
2341,2025-06-29T23:00:54+00:00,defeat,19764,19959
2342,2025-06-29T23:08:43+00:00,defeat,19680,19788
2343,2025-06-30T15:52:44+00:00,defeat,19590,19564
2344,2025-06-30T16:03:59+00:00,defeat,19494,19316
2345,2025-06-30T16:12:10+00:00,victory_by_dq,19595,19907
2346,2025-06-30T16:23:00+00:00,victory,19682,19626
2347,2025-06-30T21:55:24+00:00,defeat,19593,19589
2348,2025-06-30T22:05:57+00:00,victory,19678,19514
2349,2025-06-30T22:12:16+00:00,defeat,19599,19891
2350,2025-06-30T22:18:44+00:00,defeat,19507,19463
2351,2025-06-30T22:26:47+00:00,defeat,19423,19689
2352,2025-06-30T22:37:30+00:00,victory,19510,19327
2353,2025-06-30T22:46:46+00:00,defeat,19417,19411
2354,2025-07-01T15:36:33+00:00,defeat,19311,18863
2355,2025-07-01T15:45:38+00:00,victory,19406,19441
2356,2025-07-01T15:55:43+00:00,defeat,19297,18783
2357,2025-07-01T16:02:25+00:00,victory,19387,19216
2358,2025-07-01T16:11:25+00:00,defeat,19313,19954
2359,2025-07-01T20:56:07+00:00,victory,19393,18828
2360,2025-07-01T21:11:31+00:00,victory,19463,18580
2361,2025-07-01T21:29:23+00:00,victory,19541,19057
2362,2025-07-01T21:36:45+00:00,defeat,19444,19271
2363,2025-07-01T22:49:23+00:00,victory,19519,18909
2364,2025-07-01T23:02:44+00:00,victory,19606,19470
2365,2025-07-02T19:46:41+00:00,defeat,19539,20277
2366,2025-07-02T19:57:10+00:00,victory,19613,19054
2367,2025-07-02T20:07:18+00:00,victory,19695,19452
2368,2025-07-02T20:17:21+00:00,defeat,19597,19277
2369,2025-07-02T21:30:51+00:00,victory,19688,19760
2370,2025-07-02T21:42:33+00:00,defeat,19594,19419
2371,2025-07-02T21:49:44+00:00,victory,19675,19381
2372,2025-07-02T21:55:38+00:00,defeat,19598,20000
2373,2025-07-02T22:02:38+00:00,victory,19687,19686
2374,2025-07-02T22:09:33+00:00,victory,19770,19597
2375,2025-07-02T22:17:03+00:00,defeat,19693,20036
2376,2025-07-03T15:31:41+00:00,victory,19759,18984
2377,2025-07-03T15:38:13+00:00,victory,19852,20093
2378,2025-07-03T15:56:30+00:00,victory,19923,19452
2379,2025-07-03T16:06:26+00:00,victory,19999,19769
2380,2025-07-03T16:17:35+00:00,defeat,19925,20204
2381,2025-07-03T16:27:56+00:00,victory,20031,20772
2382,2025-07-03T17:48:26+00:00,victory,20115,19752
2383,2025-07-03T17:59:45+00:00,defeat,19975,19572
2384,2025-07-03T18:11:57+00:00,defeat,19903,19633
2385,2025-07-03T18:25:16+00:00,defeat,19821,19914
2386,2025-07-03T22:04:18+00:00,defeat,19748,20159
2387,2025-07-03T22:14:54+00:00,victory,19816,19164
2388,2025-07-03T22:30:17+00:00,victory,19894,19649
2389,2025-07-03T22:47:48+00:00,victory,19988,20336
2390,2025-07-03T22:54:46+00:00,victory,20067,19866
2391,2025-07-03T23:03:10+00:00,victory,20152,19839
2392,2025-07-03T23:12:56+00:00,defeat,20025,19898
2393,2025-07-03T23:19:39+00:00,victory,20125,20203
2394,2025-07-04T16:47:50+00:00,no_contest,20125,20007
2395,2025-07-04T17:00:17+00:00,defeat,20034,20547
2396,2025-07-04T17:11:03+00:00,defeat,19879,19167
2397,2025-07-04T17:20:39+00:00,defeat,19797,19903
2398,2025-07-04T17:30:57+00:00,victory,19875,19607
2399,2025-07-04T17:49:59+00:00,victory,19945,19456
2400,2025-07-04T20:51:52+00:00,victory,20014,19580
2401,2025-07-05T16:19:55+00:00,victory,20096,19619
2402,2025-07-05T16:26:07+00:00,victory,20175,19712
2403,2025-07-05T16:35:32+00:00,defeat,20077,20538
2404,2025-07-05T16:48:32+00:00,victory,20157,19710
2405,2025-07-05T18:06:28+00:00,victory,20237,19836
2406,2025-07-05T18:17:02+00:00,victory,20290,18937
2407,2025-07-05T18:29:58+00:00,victory,20385,20514
2408,2025-07-05T19:51:54+00:00,defeat,20298,19844
2409,2025-07-05T20:02:42+00:00,defeat,20200,20621
2410,2025-07-05T20:15:45+00:00,defeat,20129,21078
2411,2025-07-05T20:26:08+00:00,defeat,20043,20794
2412,2025-07-05T20:32:17+00:00,defeat,19945,20518
2413,2025-07-05T20:41:52+00:00,defeat,19855,19674
2414,2025-07-06T17:33:11+00:00,victory,19936,19806
2415,2025-07-06T17:40:33+00:00,victory,20017,19945
2416,2025-07-06T17:50:25+00:00,defeat,19879,19639
2417,2025-07-06T20:50:15+00:00,defeat,19784,19431
2418,2025-07-06T21:03:39+00:00,victory_by_dq,19851,19204
2419,2025-07-06T21:13:11+00:00,defeat,19760,19575
2420,2025-07-06T22:06:11+00:00,victory,19852,20027
2421,2025-07-06T22:16:51+00:00,defeat,19764,19631
2422,2025-07-06T22:21:16+00:00,victory,19832,19198
2423,2025-07-06T22:31:30+00:00,victory,19907,19560
2424,2025-07-06T22:41:15+00:00,victory,20001,20365
2425,2025-07-06T22:49:03+00:00,defeat,19880,19990
2426,2025-07-06T22:59:40+00:00,defeat,19807,20189
2427,2025-07-06T23:08:41+00:00,defeat,19718,19641
2428,2025-07-06T23:13:16+00:00,victory,19805,19809
2429,2025-07-06T23:22:47+00:00,defeat,19722,19786
2430,2025-07-07T19:51:34+00:00,defeat,19638,19764
2431,2025-07-07T20:02:41+00:00,victory,19713,19260
2432,2025-07-07T20:12:22+00:00,victory,19778,18958
2433,2025-07-07T20:24:09+00:00,defeat,19706,20189
2434,2025-07-09T16:53:33+00:00,defeat,19634,20165
2435,2025-07-09T17:02:38+00:00,victory,19700,18831
2436,2025-07-09T17:10:10+00:00,victory,19765,18970
2437,2025-07-09T17:21:33+00:00,victory,19856,19991
2438,2025-07-09T17:28:50+00:00,victory,19925,19402
2439,2025-07-09T17:39:25+00:00,victory,20007,19975
2440,2025-07-09T17:48:48+00:00,defeat,19895,20212
2441,2025-07-09T19:11:55+00:00,victory,19986,20229
2442,2025-07-09T19:23:18+00:00,victory,20051,19465
2443,2025-07-09T19:36:55+00:00,defeat,19934,20092
2444,2025-07-09T19:48:39+00:00,victory,20014,19957
2445,2025-07-09T20:03:14+00:00,defeat,19885,19800
2446,2025-07-09T21:50:10+00:00,victory,19998,20926
2447,2025-07-09T21:59:49+00:00,victory,20071,19792
2448,2025-07-09T22:07:56+00:00,defeat,19946,19929
2449,2025-07-09T22:13:04+00:00,defeat,19877,20319
2450,2025-07-09T22:19:46+00:00,defeat_by_dq,19812,20392
2451,2025-07-10T15:42:12+00:00,defeat,19744,20327
2452,2025-07-10T16:02:09+00:00,victory,19848,20415
2453,2025-07-10T17:06:56+00:00,victory,19918,19407
2454,2025-07-10T17:18:49+00:00,defeat,19834,19860
2455,2025-07-10T17:25:32+00:00,defeat,19754,19924
2456,2025-07-10T17:35:02+00:00,victory,19832,19575
2457,2025-07-10T17:44:16+00:00,victory,19905,19517
2458,2025-07-10T17:54:50+00:00,defeat,19836,20305
2459,2025-07-10T17:59:58+00:00,victory,19887,18336
2460,2025-07-10T22:29:41+00:00,defeat,19791,19428
2461,2025-07-10T22:35:50+00:00,victory,19856,19101
2462,2025-07-10T22:46:58+00:00,defeat,19793,20483
2463,2025-07-10T22:55:43+00:00,victory,19852,18825
2464,2025-07-10T23:03:55+00:00,victory,19928,19623
2465,2025-07-10T23:14:15+00:00,defeat,19867,20585
2466,2025-07-10T23:19:34+00:00,victory,19920,18720
2467,2025-07-10T23:33:11+00:00,defeat,19859,20589
2468,2025-07-11T15:27:01+00:00,victory,19950,20147
2469,2025-07-11T15:38:01+00:00,victory,20042,20343
2470,2025-07-11T15:54:18+00:00,victory,20154,20525
2471,2025-07-11T16:07:41+00:00,victory,20251,20302
2472,2025-07-11T16:23:18+00:00,defeat,20163,20809
2473,2025-07-11T20:33:46+00:00,victory,20260,20323
2474,2025-07-11T20:42:52+00:00,victory,20360,20574
2475,2025-07-11T21:00:20+00:00,victory,20419,19847
2476,2025-07-11T22:36:15+00:00,defeat,20357,20773
2477,2025-07-12T17:51:32+00:00,defeat,20283,20332
2478,2025-07-12T18:03:27+00:00,defeat,20143,19615
2479,2025-07-13T21:29:25+00:00,victory,20228,19950
2480,2025-07-13T21:46:13+00:00,victory,20294,19485
2481,2025-07-13T22:09:11+00:00,defeat,20205,20789
2482,2025-07-13T22:20:29+00:00,victory,20275,19562
2483,2025-07-13T22:36:44+00:00,victory,20378,20686
2484,2025-07-13T22:50:09+00:00,victory,20441,19979
2485,2025-07-14T18:35:09+00:00,defeat,20381,20822
2486,2025-07-14T18:42:47+00:00,defeat,20322,20835
2487,2025-07-14T18:53:19+00:00,defeat,20234,20820
2488,2025-07-14T23:12:13+00:00,victory,20319,20095
2489,2025-07-14T23:21:43+00:00,victory,20391,19861
2490,2025-07-14T23:34:13+00:00,defeat,20334,20892
2491,2025-07-15T16:39:13+00:00,victory,20398,19577
2492,2025-07-15T16:49:54+00:00,defeat,20336,20760
2493,2025-07-15T17:06:42+00:00,defeat,20229,20413
2494,2025-07-15T17:14:53+00:00,victory,20313,20075
2495,2025-07-15T19:45:33+00:00,victory,20421,20892
2496,2025-07-15T19:59:53+00:00,defeat,20369,21045
2497,2025-07-15T20:13:20+00:00,defeat,20266,20527
2498,2025-07-15T22:07:44+00:00,victory,20371,20724
2499,2025-07-15T22:17:39+00:00,defeat,20266,20480
2500,2025-07-15T22:24:58+00:00,defeat,20158,20345
2501,2025-07-15T22:36:31+00:00,defeat,20032,19955
2502,2025-07-15T22:47:08+00:00,defeat,19933,20481
2503,2025-07-17T21:36:16+00:00,defeat,19870,20543
2504,2025-07-17T21:45:34+00:00,victory,19952,19878
2505,2025-07-17T22:05:27+00:00,defeat,19890,20565
2506,2025-07-17T23:05:48+00:00,victory,19957,19360
2507,2025-07-17T23:23:43+00:00,defeat,19874,19903
2508,2025-07-17T23:34:35+00:00,defeat,19786,19677
2509,2025-07-17T23:43:40+00:00,victory,19846,18908
2510,2025-07-18T22:01:57+00:00,victory,19924,19681
2511,2025-07-18T22:15:03+00:00,victory,20005,19975
2512,2025-07-18T22:25:18+00:00,defeat,19906,20466
2513,2025-07-18T22:32:45+00:00,victory,19985,19832
2514,2025-07-18T22:45:07+00:00,victory,20046,19292
2515,2025-07-18T22:53:17+00:00,defeat,19918,19860
2516,2025-07-18T22:58:49+00:00,victory_by_dq,19985,19403
2517,2025-07-18T23:06:13+00:00,defeat,19899,19788
2518,2025-07-19T16:46:56+00:00,defeat,19813,19772
2519,2025-07-19T16:55:16+00:00,defeat,19738,20113
2520,2025-07-19T17:03:34+00:00,defeat,19654,19792
2521,2025-07-19T17:10:38+00:00,victory,19713,18603
2522,2025-07-19T17:22:00+00:00,defeat,19622,19532
2523,2025-07-19T17:30:26+00:00,victory,19714,19804
2524,2025-07-19T20:51:15+00:00,defeat,19613,19184
2525,2025-07-19T21:07:20+00:00,victory,19694,19445
2526,2025-07-19T22:21:11+00:00,victory,19739,17916
2527,2025-07-19T22:28:31+00:00,defeat,19652,19698
2528,2025-07-19T22:36:15+00:00,defeat_by_dq,19568,19760
2529,2025-07-20T22:49:51+00:00,victory,19663,19817
2530,2025-07-20T22:58:20+00:00,victory,19741,19382
2531,2025-07-20T23:08:59+00:00,defeat,19663,19980
2532,2025-07-22T20:23:25+00:00,victory,19731,19044
2533,2025-07-22T20:34:29+00:00,defeat,19640,19534
2534,2025-07-22T20:46:04+00:00,victory,19703,18765
2535,2025-07-22T21:08:30+00:00,victory,19793,19887
2536,2025-07-22T21:17:07+00:00,defeat,19715,19986
2537,2025-07-23T15:20:57+00:00,victory,19817,20301
2538,2025-07-23T15:30:32+00:00,victory,19896,19698
2539,2025-07-23T15:37:52+00:00,victory,19976,19874
2540,2025-07-23T15:49:49+00:00,defeat,19881,19453
2541,2025-07-23T16:00:08+00:00,victory,19953,19558
2542,2025-07-23T20:32:07+00:00,victory,20024,19638
2543,2025-07-23T20:44:46+00:00,victory,20141,20667
2544,2025-07-23T21:00:20+00:00,victory,20215,19607
2545,2025-07-23T21:10:55+00:00,defeat,20099,20156
2546,2025-07-24T17:02:41+00:00,defeat,19985,20191
2547,2025-07-24T17:12:14+00:00,victory,20055,19641
2548,2025-07-24T21:17:56+00:00,defeat,19933,20002
2549,2025-07-24T21:32:59+00:00,defeat,19848,19637
2550,2025-07-24T21:42:59+00:00,defeat,19748,19242
2551,2025-07-25T17:53:56+00:00,defeat,19662,19719
2552,2025-07-25T18:00:44+00:00,defeat,19556,18962
2553,2025-07-25T18:07:00+00:00,victory,19645,19615
2554,2025-07-25T19:35:37+00:00,defeat,19576,19576
2555,2025-07-25T19:43:53+00:00,defeat,19508,20234
2556,2025-07-25T19:53:11+00:00,victory,19574,18597
2557,2025-07-25T20:01:02+00:00,defeat,19511,20380
2558,2025-07-25T20:10:31+00:00,victory,19593,19265
2559,2025-07-25T20:21:47+00:00,defeat,19524,20213
2560,2025-07-25T20:32:05+00:00,defeat,19462,20408
2561,2025-07-25T20:36:12+00:00,defeat,19374,19578
2562,2025-07-26T22:28:40+00:00,defeat,19274,19139
2563,2025-07-26T22:37:43+00:00,victory,19334,17895
2564,2025-07-26T22:47:00+00:00,victory,19437,19696
2565,2025-07-26T22:51:35+00:00,defeat,19367,20158
2566,2025-07-26T23:00:05+00:00,victory,19442,18708
2567,2025-07-26T23:07:53+00:00,victory,19523,19138
2568,2025-07-26T23:13:46+00:00,victory_by_dq,19610,19467
2569,2025-07-26T23:24:09+00:00,defeat,19538,20127
2570,2025-07-26T23:34:30+00:00,victory,19635,19836
2571,2025-07-26T23:44:35+00:00,defeat,19559,20000
2572,2025-07-27T18:21:15+00:00,victory,19649,19617
2573,2025-07-27T18:49:23+00:00,defeat,19561,19641
2574,2025-07-27T18:58:48+00:00,victory,19625,18653
2575,2025-07-27T19:14:15+00:00,defeat,19561,20338
2576,2025-07-27T19:20:01+00:00,victory,19641,19284
2577,2025-07-27T19:30:55+00:00,defeat,19568,20092
2578,2025-07-27T21:56:55+00:00,defeat,19474,19399
2579,2025-07-27T22:04:34+00:00,defeat,19369,19004
2580,2025-07-27T22:10:51+00:00,victory,19461,19367
2581,2025-07-27T22:19:08+00:00,defeat,19385,19961
2582,2025-07-27T22:28:17+00:00,victory,19435,17462
2583,2025-07-27T22:35:36+00:00,defeat,19355,19821
2584,2025-07-27T22:39:15+00:00,no_contest,19355,19894
2585,2025-07-28T16:23:12+00:00,defeat,19273,19712
2586,2025-07-28T16:30:22+00:00,defeat,19173,19131
2587,2025-07-28T16:36:23+00:00,victory,19256,18718
2588,2025-07-28T16:51:08+00:00,victory,19354,19397
2589,2025-07-28T17:07:49+00:00,defeat,19277,19879
2590,2025-07-28T17:20:03+00:00,defeat,19163,18600
2591,2025-07-28T17:26:24+00:00,victory,19262,19287
2592,2025-07-28T17:39:36+00:00,victory,19335,18482
2593,2025-07-28T22:38:50+00:00,victory,19396,18066
2594,2025-07-28T22:47:10+00:00,defeat,19312,19691
2595,2025-07-28T22:58:04+00:00,defeat,19220,19391
2596,2025-07-28T23:07:33+00:00,victory,19327,19630
2597,2025-07-28T23:12:13+00:00,victory,19411,19014
2598,2025-07-28T23:20:10+00:00,defeat,19325,19593
2599,2025-07-28T23:31:42+00:00,defeat,19226,19144
2600,2025-07-28T23:44:06+00:00,defeat,19141,19583
2601,2025-07-29T21:03:24+00:00,victory,19230,18899
2602,2025-07-29T21:17:05+00:00,defeat,19127,18905
2603,2025-07-29T21:24:22+00:00,victory,19255,20178
2604,2025-07-29T21:33:20+00:00,defeat,19173,19589
2605,2025-07-30T16:04:06+00:00,victory,19259,18825
2606,2025-07-30T16:11:54+00:00,victory,19350,19160
2607,2025-07-30T16:22:58+00:00,victory,19435,19114
2608,2025-07-31T18:04:55+00:00,defeat,19333,19056
2609,2025-07-31T18:13:42+00:00,victory,19409,18772
2610,2025-07-31T18:27:03+00:00,defeat,19337,20045
2611,2025-07-31T18:37:40+00:00,defeat,19249,19510
2612,2025-07-31T18:50:42+00:00,victory_by_dq,19332,18881
2613,2025-07-31T19:15:21+00:00,victory,19413,18889
2614,2025-08-01T17:40:51+00:00,victory,19501,19341
2615,2025-08-01T17:47:16+00:00,victory,19606,20056
2616,2025-08-01T18:02:05+00:00,defeat,19526,19878
2617,2025-08-02T16:00:41+00:00,defeat,19436,19501
2618,2025-08-02T16:12:24+00:00,defeat,19359,19895
2619,2025-08-02T16:19:48+00:00,victory,19439,18965
2620,2025-08-02T16:25:31+00:00,defeat,19337,18862
2621,2025-08-02T16:29:08+00:00,victory,19440,19722
2622,2025-08-02T16:38:44+00:00,defeat,19350,19329
2623,2025-08-02T18:19:35+00:00,defeat,19266,19624
2624,2025-08-02T18:26:34+00:00,victory,19337,18422
2625,2025-08-02T18:38:12+00:00,defeat,19243,19322
2626,2025-08-02T18:44:10+00:00,victory,19350,19714
2627,2025-08-02T18:51:37+00:00,victory,19431,18948
2628,2025-08-02T19:07:10+00:00,victory,19550,20397
2629,2025-08-02T19:17:04+00:00,defeat,19439,18761
2630,2025-08-02T21:58:45+00:00,victory,19515,18921
2631,2025-08-02T22:23:34+00:00,victory,19594,19158
2632,2025-08-02T22:36:11+00:00,victory,19683,19676
2633,2025-08-02T22:44:47+00:00,defeat,19607,19954
2634,2025-08-02T23:06:26+00:00,defeat,19502,19007
2635,2025-08-04T17:43:40+00:00,victory,19602,19886
2636,2025-08-04T17:51:00+00:00,victory,19690,19595
2637,2025-08-04T17:56:57+00:00,victory,19751,18740
2638,2025-08-04T18:15:26+00:00,victory,19834,19726
2639,2025-08-04T18:24:13+00:00,victory,19930,20282
2640,2025-08-04T18:37:11+00:00,victory,20009,19880
2641,2025-08-04T18:51:35+00:00,victory,20081,19288
2642,2025-08-04T19:01:07+00:00,defeat,19946,19691
2643,2025-08-04T22:11:20+00:00,defeat,19872,20191
2644,2025-08-04T22:23:50+00:00,victory,19971,20460
2645,2025-08-04T22:33:57+00:00,victory,20032,19219
2646,2025-08-04T22:40:49+00:00,defeat,19922,20258
2647,2025-08-04T22:56:39+00:00,defeat,19833,19572
2648,2025-08-04T23:07:36+00:00,defeat,19785,20947
2649,2025-08-04T23:13:11+00:00,victory,19836,18413
2650,2025-08-04T23:23:19+00:00,victory,19927,20116
2651,2025-08-05T15:55:46+00:00,victory,19996,19426
2652,2025-08-05T16:10:54+00:00,victory,20092,20521
2653,2025-08-05T16:26:56+00:00,victory,20175,19795
2654,2025-08-05T16:35:28+00:00,defeat,20095,20927
2655,2025-08-05T22:14:06+00:00,defeat,19988,20365
2656,2025-08-05T22:22:12+00:00,victory,20055,19500
2657,2025-08-05T22:29:33+00:00,victory,20145,19928
2658,2025-08-05T22:36:52+00:00,defeat,20040,20404
2659,2025-08-05T22:41:54+00:00,defeat,19914,19924
2660,2025-08-06T15:24:51+00:00,victory,19994,19891
2661,2025-08-06T15:40:13+00:00,victory,20076,20060
2662,2025-08-06T15:53:17+00:00,victory,20166,19993
2663,2025-08-06T16:07:21+00:00,victory,20241,19613
2664,2025-08-06T16:19:11+00:00,defeat,20124,20181
2665,2025-08-06T16:35:48+00:00,victory,20217,20155
2666,2025-08-06T22:06:06+00:00,defeat,20078,19624
2667,2025-08-06T22:16:04+00:00,defeat,19916,18982
2668,2025-08-06T22:24:45+00:00,victory,20019,20646
2669,2025-08-07T15:20:39+00:00,defeat,19913,20347
2670,2025-08-07T15:31:03+00:00,victory,19997,19970
2671,2025-08-07T15:53:22+00:00,defeat,19929,20429
2672,2025-08-07T16:02:02+00:00,defeat,19858,20258
2673,2025-08-07T16:15:04+00:00,victory,19924,19287
2674,2025-08-08T21:07:23+00:00,defeat,19858,20433
2675,2025-08-08T21:16:40+00:00,victory,19930,19474
2676,2025-08-08T21:27:13+00:00,victory,19987,19017
2677,2025-08-08T21:54:34+00:00,victory,20079,20378
2678,2025-08-08T22:09:59+00:00,victory,20182,20374
2679,2025-08-09T18:16:20+00:00,defeat,20089,20627
2680,2025-08-09T18:23:41+00:00,defeat,19966,20006
2681,2025-08-09T18:33:12+00:00,victory,20042,19822
2682,2025-08-09T18:46:16+00:00,defeat,19943,20496
2683,2025-08-09T18:53:26+00:00,defeat,19859,19856
2684,2025-08-09T19:04:21+00:00,defeat,19771,19662
2685,2025-08-09T20:45:33+00:00,victory,19859,19955
2686,2025-08-09T21:04:29+00:00,defeat,19772,19704
2687,2025-08-09T21:05:35+00:00,no_contest,19772,20205
2688,2025-08-09T21:18:45+00:00,victory,19863,20015
2689,2025-08-09T22:13:31+00:00,defeat,19805,20663
2690,2025-08-09T22:20:05+00:00,victory,19872,19205
2691,2025-08-09T22:32:10+00:00,victory,19952,19826
2692,2025-08-09T22:39:28+00:00,victory,20028,19825
2693,2025-08-09T22:56:45+00:00,defeat,19910,20081
2694,2025-08-09T23:04:49+00:00,victory,19989,19864
2695,2025-08-09T23:13:52+00:00,defeat,19891,18758
2696,2025-08-09T23:19:40+00:00,victory,19964,19603
2697,2025-08-09T23:24:59+00:00,defeat,19880,19877
2698,2025-08-11T18:43:05+00:00,defeat,19783,19362
2699,2025-08-11T18:51:59+00:00,defeat,19724,20575
2700,2025-08-11T19:05:09+00:00,victory,19776,18375
2701,2025-08-11T19:14:23+00:00,victory,19868,20051
2702,2025-08-11T19:22:48+00:00,victory,19944,19679
2703,2025-08-11T19:41:51+00:00,victory,20007,19298
2704,2025-08-11T19:53:30+00:00,defeat,19867,19552
2705,2025-08-11T22:14:53+00:00,victory,19944,19695
2706,2025-08-11T22:24:15+00:00,defeat,19876,20381
2707,2025-08-11T22:31:59+00:00,victory,19960,19947
2708,2025-08-11T22:41:56+00:00,victory,20022,19301
2709,2025-08-11T22:52:02+00:00,victory,20099,19480
2710,2025-08-12T16:21:27+00:00,victory,20209,20600
2711,2025-08-12T16:27:59+00:00,victory,20277,19479
2712,2025-08-12T16:44:23+00:00,defeat,20176,20547
2713,2025-08-12T16:54:49+00:00,defeat,20081,20467
2714,2025-08-12T17:14:51+00:00,victory,20168,19909
2715,2025-08-12T17:22:29+00:00,defeat,20059,20318
2716,2025-08-12T17:43:18+00:00,defeat,19965,20456
2717,2025-08-12T20:54:52+00:00,defeat,19881,19861
2718,2025-08-12T21:04:30+00:00,victory,19946,19279
2719,2025-08-12T21:21:42+00:00,defeat,19863,19869
2720,2025-08-12T21:34:03+00:00,victory,19966,20553
2721,2025-08-14T16:19:29+00:00,victory,20033,19503
2722,2025-08-14T16:25:26+00:00,defeat,19895,19616
2723,2025-08-14T16:35:24+00:00,victory,19953,19849
2724,2025-08-14T16:39:17+00:00,defeat,19878,20173
2725,2025-08-14T16:50:56+00:00,victory,19958,19790
2726,2025-08-14T17:00:52+00:00,defeat,19875,19911
2727,2025-08-14T18:46:57+00:00,defeat,19792,19909
2728,2025-08-14T18:55:27+00:00,victory,19882,20020
2729,2025-08-14T19:08:38+00:00,defeat,19794,19719
2730,2025-08-14T19:17:05+00:00,defeat,19697,19338
2731,2025-08-14T19:28:39+00:00,defeat,19622,20090
2732,2025-08-14T19:35:54+00:00,victory,19676,18272
2733,2025-08-14T19:46:46+00:00,defeat,19597,19942
2734,2025-08-14T22:10:57+00:00,victory,19675,19256
2735,2025-08-14T22:20:37+00:00,defeat,19577,19298
2736,2025-08-14T22:30:43+00:00,victory,19643,18770
2737,2025-08-14T22:43:20+00:00,victory,19710,18920
2738,2025-08-14T22:50:31+00:00,defeat,19612,19302
2739,2025-08-14T23:01:12+00:00,victory,19690,19264
2740,2025-08-14T23:07:59+00:00,defeat,19588,19168
2741,2025-08-14T23:17:16+00:00,defeat,19512,19996
2742,2025-08-15T14:54:13+00:00,victory,19588,19051
2743,2025-08-15T15:05:59+00:00,victory,19675,19568
2744,2025-08-15T15:16:35+00:00,defeat,19604,20179
2745,2025-08-15T15:23:39+00:00,victory,19692,19664
2746,2025-08-15T15:32:58+00:00,defeat,19612,19879
2747,2025-08-15T15:42:57+00:00,victory,19684,19094
2748,2025-08-15T15:51:59+00:00,victory,19777,19934
2749,2025-08-15T16:04:59+00:00,victory,19845,19225
2750,2025-08-15T18:03:24+00:00,defeat,19750,19411
2751,2025-08-15T18:13:34+00:00,defeat,19667,19689
2752,2025-08-15T18:31:59+00:00,defeat,19588,19921
2753,2025-08-15T18:44:05+00:00,defeat,19482,18977
2754,2025-08-15T18:56:54+00:00,victory,19571,19470
2755,2025-08-15T19:13:28+00:00,defeat,19486,19688
2756,2025-08-15T20:10:48+00:00,defeat,19398,19575
2757,2025-08-15T20:20:45+00:00,defeat,19307,19411
2758,2025-08-15T20:28:00+00:00,victory,19395,19163
2759,2025-08-15T20:39:26+00:00,victory,19483,19336
2760,2025-08-15T21:02:28+00:00,victory,19533,17708
2761,2025-08-15T21:15:33+00:00,victory,19629,19813
2762,2025-08-16T15:07:15+00:00,defeat,19545,19757
2763,2025-08-16T15:16:03+00:00,victory,19651,20129
2764,2025-08-16T15:25:55+00:00,defeat,19555,19338
2765,2025-08-16T15:35:08+00:00,victory,19648,19746
2766,2025-08-16T15:40:07+00:00,victory,19722,19201
2767,2025-08-16T15:45:57+00:00,victory,19791,19065
2768,2025-08-16T15:57:57+00:00,defeat,19703,19615
2769,2025-08-16T16:03:58+00:00,defeat,19626,19988
2770,2025-08-16T17:36:21+00:00,defeat,19527,19202
2771,2025-08-16T17:44:07+00:00,defeat,19445,19800
2772,2025-08-16T17:53:49+00:00,victory,19523,19010
2773,2025-08-16T18:41:44+00:00,defeat,19438,19660
2774,2025-08-16T18:49:45+00:00,victory,19517,19046
2775,2025-08-16T19:02:37+00:00,defeat,19424,19408
2776,2025-08-16T19:19:12+00:00,defeat,19325,19170
2777,2025-08-16T19:44:32+00:00,defeat,19229,18978
2778,2025-08-16T22:18:25+00:00,victory,19302,18443
2779,2025-08-16T22:27:02+00:00,victory,19382,18820
2780,2025-08-16T22:42:39+00:00,victory,19477,19535
2781,2025-08-16T22:48:58+00:00,defeat,19398,19858
2782,2025-08-16T22:55:08+00:00,victory,19499,19754
2783,2025-08-16T23:06:48+00:00,victory,19565,18614
2784,2025-08-16T23:18:29+00:00,victory,19628,18651
2785,2025-08-16T23:25:29+00:00,defeat,19534,19396
2786,2025-08-16T23:33:37+00:00,victory,19633,19893
2787,2025-08-17T16:33:10+00:00,victory,19701,18955
2788,2025-08-17T16:52:22+00:00,victory,19791,19906
2789,2025-08-17T16:59:43+00:00,victory,19861,19316
2790,2025-08-17T17:21:06+00:00,victory,19935,19589
2791,2025-08-17T22:29:57+00:00,defeat,19870,20452
2792,2025-08-17T22:37:50+00:00,defeat,19800,20299
2793,2025-08-17T22:43:25+00:00,defeat,19708,19393
2794,2025-08-17T22:48:58+00:00,defeat,19628,19909
2795,2025-08-17T22:51:31+00:00,defeat_by_dq,19574,20671
2796,2025-08-17T23:00:34+00:00,victory,19656,19400
2797,2025-08-18T16:34:08+00:00,victory,19750,19943
2798,2025-08-18T16:41:31+00:00,victory,19833,19696
2799,2025-08-18T16:51:08+00:00,defeat,19771,20445
2800,2025-08-18T17:00:54+00:00,defeat,19684,19702
2801,2025-08-18T17:10:36+00:00,victory,19771,19729
2802,2025-08-18T17:16:22+00:00,defeat,19688,19790
2803,2025-08-18T17:23:26+00:00,defeat,19603,19712
2804,2025-08-18T17:31:43+00:00,defeat,19512,19464
2805,2025-08-18T17:41:26+00:00,victory,19614,19975
2806,2025-08-18T18:59:20+00:00,defeat,19543,20168
2807,2025-08-18T19:07:52+00:00,victory,19631,19554
2808,2025-08-18T19:15:32+00:00,defeat,19543,19620
2809,2025-08-18T19:25:15+00:00,victory,19582,17215
2810,2025-08-18T19:33:20+00:00,victory,19669,19556
2811,2025-08-18T19:39:26+00:00,victory,19762,19927
2812,2025-08-18T19:50:41+00:00,victory,19856,20120
2813,2025-08-18T20:00:31+00:00,defeat,19782,19920
2814,2025-08-19T15:06:48+00:00,victory,19875,20094
2815,2025-08-19T15:15:50+00:00,victory,19954,19795
2816,2025-08-19T15:40:41+00:00,defeat,19879,20159
2817,2025-08-19T15:47:18+00:00,victory,19948,19443
2818,2025-08-19T16:03:52+00:00,victory,20070,21296
2819,2025-08-19T19:30:41+00:00,defeat,19927,19517
2820,2025-08-19T19:44:02+00:00,defeat,19845,19942
2821,2025-08-19T19:52:29+00:00,victory,19925,19754
2822,2025-08-19T20:01:11+00:00,defeat,19851,20177
2823,2025-08-19T20:09:06+00:00,defeat,19763,19722
2824,2025-08-19T20:26:25+00:00,victory,19853,19980
2825,2025-08-19T21:32:30+00:00,victory,19933,19783
2826,2025-08-19T21:41:20+00:00,victory,20012,19883
2827,2025-08-19T22:00:56+00:00,victory,20112,20173
2828,2025-08-19T22:13:28+00:00,defeat,20018,20617
2829,2025-08-20T15:30:21+00:00,defeat,19896,19981
2830,2025-08-20T15:36:51+00:00,victory,19963,19367
2831,2025-08-20T15:45:21+00:00,victory,20034,19653
2832,2025-08-20T15:54:27+00:00,victory,20133,20201
2833,2025-08-20T16:00:56+00:00,defeat,20012,20028
2834,2025-08-20T16:11:55+00:00,defeat,19881,19750
2835,2025-08-20T16:19:31+00:00,victory,19932,18671
2836,2025-08-20T16:30:00+00:00,defeat,19845,19752
2837,2025-08-20T16:37:27+00:00,victory,19925,19728
2838,2025-08-20T16:46:50+00:00,defeat,19842,19871
2839,2025-08-20T16:52:13+00:00,defeat,19754,19702
2840,2025-08-20T17:01:43+00:00,defeat,19664,19581
2841,2025-08-20T19:52:35+00:00,defeat,19594,20188
2842,2025-08-20T19:59:40+00:00,defeat,19530,20365
2843,2025-08-20T20:03:58+00:00,victory,19624,19716
2844,2025-08-20T20:14:33+00:00,defeat,19517,18833
2845,2025-08-20T20:24:03+00:00,defeat,19456,20436
2846,2025-08-21T17:12:07+00:00,victory,19546,19492
2847,2025-08-21T17:20:52+00:00,victory,19626,19256
2848,2025-08-21T17:33:36+00:00,defeat,19544,19800
2849,2025-08-21T20:33:21+00:00,defeat,19454,19519
2850,2025-08-21T20:40:42+00:00,defeat,19368,19612
2851,2025-08-21T20:49:24+00:00,victory,19456,19280
2852,2025-08-21T20:55:17+00:00,victory,19531,18932
2853,2025-08-21T21:14:10+00:00,victory,19637,20119
2854,2025-08-21T21:27:55+00:00,victory,19732,19977
2855,2025-08-21T22:31:39+00:00,defeat,19643,19606
2856,2025-08-21T22:43:37+00:00,victory,19714,19085
2857,2025-08-21T23:00:13+00:00,defeat,19653,20520
2858,2025-08-21T23:09:16+00:00,victory,19733,19449
2859,2025-08-21T23:15:52+00:00,victory,19801,19088
2860,2025-08-21T23:21:22+00:00,victory,19894,20151
2861,2025-08-21T23:27:16+00:00,defeat,19798,19386
2862,2025-08-21T23:36:30+00:00,victory,19870,19423
2863,2025-08-21T23:49:28+00:00,victory,19943,19517
2864,2025-08-22T15:54:43+00:00,victory,20014,19636
2865,2025-08-22T16:06:08+00:00,defeat,19909,20351
2866,2025-08-22T16:14:51+00:00,victory,19966,18986
2867,2025-08-22T16:21:31+00:00,victory,20042,19833
2868,2025-08-22T16:28:58+00:00,defeat,19930,20194
2869,2025-08-22T16:35:08+00:00,victory,19999,19548
2870,2025-08-22T16:43:15+00:00,victory,20079,20033
2871,2025-08-23T15:10:12+00:00,defeat,19973,20341
2872,2025-08-23T15:21:12+00:00,victory,20042,19591
2873,2025-08-23T15:25:47+00:00,victory,20140,20177
2874,2025-08-23T15:37:41+00:00,defeat,20023,20128
2875,2025-08-23T15:46:58+00:00,defeat,19947,20945
2876,2025-08-23T15:56:06+00:00,defeat,19864,19882
2877,2025-08-23T16:03:39+00:00,defeat,19772,19549
2878,2025-08-24T16:58:20+00:00,victory,19870,20272
2879,2025-08-24T17:07:27+00:00,victory,19947,19685
2880,2025-08-24T17:20:07+00:00,victory,20024,19848
2881,2025-08-24T17:27:02+00:00,victory,20111,19829
2882,2025-08-24T17:35:42+00:00,defeat,19984,19886
2883,2025-08-24T17:43:45+00:00,victory,20049,19409
2884,2025-08-25T17:02:07+00:00,defeat,19945,20361
2885,2025-08-25T17:10:01+00:00,defeat,19861,19842
2886,2025-08-25T17:20:37+00:00,defeat,19780,19927
2887,2025-08-25T17:28:41+00:00,defeat,19688,19510
2888,2025-08-25T17:39:49+00:00,victory,19772,19672
2889,2025-08-25T17:47:55+00:00,defeat,19700,20178
2890,2025-08-25T17:59:11+00:00,victory,19780,19542
2891,2025-08-25T18:12:44+00:00,victory,19885,20513
2892,2025-08-25T19:16:33+00:00,defeat,19802,19863
2893,2025-08-25T19:26:45+00:00,victory,19868,19173
2894,2025-08-25T19:38:33+00:00,victory,19939,19512
2895,2025-08-25T19:47:36+00:00,defeat,19886,20812
2896,2025-08-25T20:00:45+00:00,defeat,19781,19074
2897,2025-08-25T20:15:40+00:00,victory,19859,19591
2898,2025-08-25T20:23:55+00:00,defeat,19765,19465
2899,2025-08-25T22:22:48+00:00,victory,19842,19555
2900,2025-08-25T22:31:45+00:00,defeat,19750,19286
2901,2025-08-25T22:39:33+00:00,victory,19833,19732
2902,2025-08-25T22:48:18+00:00,defeat,19754,19971
2903,2025-08-25T22:56:19+00:00,victory,19826,19337
2904,2025-08-25T23:05:22+00:00,victory,19898,19454
2905,2025-08-25T23:12:23+00:00,victory,19959,19115
2906,2025-08-25T23:17:50+00:00,defeat,19873,19777
2907,2025-08-25T23:25:52+00:00,defeat,19809,20497
2908,2025-08-25T23:36:35+00:00,victory,19901,20115
2909,2025-08-26T16:23:33+00:00,defeat,19818,19876
2910,2025-08-26T16:35:09+00:00,victory,19905,19979
2911,2025-08-26T16:48:06+00:00,defeat,19844,20347
2912,2025-08-26T16:57:44+00:00,victory,19925,19832
2913,2025-08-26T18:20:25+00:00,victory,19999,19689
2914,2025-08-26T18:38:40+00:00,defeat,19954,21108
2915,2025-08-26T18:50:30+00:00,victory,20021,19470
2916,2025-08-26T18:59:24+00:00,defeat,19885,19670
2917,2025-08-26T19:07:22+00:00,defeat,19816,20345
2918,2025-08-27T15:46:45+00:00,victory,19896,19695
2919,2025-08-27T16:01:39+00:00,defeat,19839,20702
2920,2025-08-27T16:08:51+00:00,defeat,19746,19527
2921,2025-08-27T17:30:21+00:00,victory,19837,19978
2922,2025-08-27T17:37:03+00:00,defeat,19759,20033
2923,2025-08-27T17:43:17+00:00,defeat,19681,19997
2924,2025-08-27T18:02:17+00:00,victory,19734,18333
2925,2025-08-27T18:11:01+00:00,victory,19813,19533
2926,2025-08-27T18:30:57+00:00,victory,19917,20530
2927,2025-08-27T18:44:03+00:00,defeat,19854,20519
2928,2025-08-27T18:54:51+00:00,victory,19934,19787
2929,2025-08-27T20:35:09+00:00,defeat,19850,19850
2930,2025-08-27T20:45:48+00:00,victory,19936,19983
2931,2025-08-27T20:56:53+00:00,defeat,19863,20220
2932,2025-08-27T21:08:03+00:00,defeat,19778,19759
2933,2025-08-27T21:16:13+00:00,victory,19838,18892
2934,2025-08-27T21:33:42+00:00,defeat,19753,19775
2935,2025-08-28T16:56:24+00:00,victory,19808,18598
2936,2025-08-28T17:06:07+00:00,defeat,19724,19815
2937,2025-08-28T17:13:55+00:00,defeat,19620,19073
2938,2025-08-28T17:25:49+00:00,victory,19731,20464
2939,2025-08-28T18:50:37+00:00,victory,19810,19526
2940,2025-08-28T19:00:16+00:00,victory,19865,18634
2941,2025-08-28T19:13:51+00:00,victory,19936,19475
2942,2025-08-28T19:26:54+00:00,victory,20016,19891
2943,2025-08-28T19:34:57+00:00,defeat,19893,19978
2944,2025-08-29T16:34:44+00:00,victory,19977,19997
2945,2025-08-29T16:42:55+00:00,defeat,19903,20174
2946,2025-08-29T16:50:07+00:00,victory,19973,19505
2947,2025-08-29T17:01:12+00:00,victory_by_dq,20060,20225
2948,2025-08-29T17:09:49+00:00,defeat,19937,19977
2949,2025-08-29T17:17:40+00:00,defeat,19888,20962
2950,2025-08-29T17:31:29+00:00,victory,19959,19496
2951,2025-08-29T17:39:50+00:00,defeat,19871,19871
2952,2025-08-29T17:46:28+00:00,victory,19947,19652
2953,2025-08-29T17:58:12+00:00,victory,20028,19984
2954,2025-08-29T18:12:23+00:00,victory,20128,20196
2955,2025-08-29T18:26:08+00:00,victory,20221,20172
2956,2025-08-29T21:31:49+00:00,victory,20306,20071
2957,2025-08-29T21:48:14+00:00,defeat,20175,19852
2958,2025-08-30T15:17:52+00:00,defeat,20044,19701
2959,2025-08-30T15:31:48+00:00,defeat,19912,19767
2960,2025-08-30T15:55:01+00:00,victory,19999,20114
2961,2025-08-30T16:04:11+00:00,defeat,19918,19826
2962,2025-08-30T16:15:51+00:00,defeat,19837,19930
2963,2025-08-30T16:25:13+00:00,defeat,19753,19817
2964,2025-08-30T20:07:37+00:00,victory,19819,18990
2965,2025-08-30T20:18:25+00:00,defeat,19710,18865
2966,2025-08-30T20:32:10+00:00,defeat,19656,20737
2967,2025-08-31T15:34:21+00:00,victory,19730,19202
2968,2025-08-31T15:41:31+00:00,victory,19807,19453
2969,2025-08-31T15:47:16+00:00,defeat,19726,19927
2970,2025-08-31T15:55:21+00:00,defeat,19639,19704
2971,2025-08-31T17:09:29+00:00,defeat,19546,19436
2972,2025-08-31T17:15:15+00:00,victory,19635,19598
2973,2025-08-31T17:23:44+00:00,victory,19709,19201
2974,2025-08-31T17:33:30+00:00,victory,19788,19486
2975,2025-08-31T21:07:42+00:00,victory,19851,19028
2976,2025-08-31T21:20:30+00:00,victory,19901,18553
2977,2025-08-31T21:30:49+00:00,victory,20001,20508
2978,2025-08-31T22:27:40+00:00,defeat,19860,19534
2979,2025-08-31T22:38:58+00:00,victory,19936,19666
2980,2025-08-31T22:45:03+00:00,victory,19997,19219
2981,2025-08-31T22:53:25+00:00,defeat,19922,20162
2982,2025-08-31T23:01:18+00:00,victory,20015,20335
2983,2025-08-31T23:17:25+00:00,defeat,19941,20992
2984,2025-08-31T23:25:33+00:00,victory,20015,19696
2985,2025-08-31T23:34:16+00:00,victory,20120,20295
2986,2025-09-01T15:07:39+00:00,defeat,20005,20187
2987,2025-09-01T15:17:11+00:00,victory,20081,19421
2988,2025-09-01T15:29:51+00:00,defeat,19945,19685
2989,2025-09-01T15:36:45+00:00,victory,20008,19298
2990,2025-09-01T17:11:34+00:00,defeat,19901,20289
2991,2025-09-01T17:19:14+00:00,victory,19971,19506
2992,2025-09-01T17:36:25+00:00,defeat,19912,20652
2993,2025-09-01T17:46:16+00:00,defeat,19836,20118
2994,2025-09-01T22:05:43+00:00,victory,19914,19698
2995,2025-09-01T22:15:08+00:00,defeat,19857,20708
2996,2025-09-01T22:19:50+00:00,defeat,19781,20087
2997,2025-09-01T22:23:59+00:00,defeat,19679,19173
2998,2025-09-01T22:36:25+00:00,victory,19767,19777
2999,2025-09-02T15:01:40+00:00,victory,19858,20011
3000,2025-09-02T15:10:06+00:00,victory,19939,19813
3001,2025-09-02T15:18:37+00:00,victory,20018,19882
3002,2025-09-02T15:24:02+00:00,victory,20098,19589
3003,2025-09-02T15:33:58+00:00,victory,20182,19877
3004,2025-09-02T15:41:28+00:00,defeat,20053,19869
3005,2025-09-02T15:50:35+00:00,victory,20098,18182
3006,2025-09-02T16:01:11+00:00,defeat,20012,20494
3007,2025-09-02T17:09:42+00:00,defeat,19876,19710
3008,2025-09-02T17:16:47+00:00,defeat,19787,19676
3009,2025-09-02T17:26:42+00:00,defeat,19712,20116
3010,2025-09-02T17:36:15+00:00,defeat,19640,20186
3011,2025-09-02T17:44:23+00:00,defeat,19565,20057
3012,2025-09-02T22:00:04+00:00,victory,19657,19718
3013,2025-09-02T22:09:00+00:00,defeat,19571,19386
3014,2025-09-02T22:19:30+00:00,victory,19658,19550
3015,2025-09-02T22:26:58+00:00,victory,19742,19562
3016,2025-09-02T22:36:54+00:00,defeat,19656,19707
3017,2025-09-03T13:49:54+00:00,defeat,19570,19711
3018,2025-09-03T14:02:55+00:00,victory,19661,19659
3019,2025-09-03T16:26:44+00:00,defeat,19578,19822
3020,2025-09-03T16:42:53+00:00,victory,19657,19283
3021,2025-09-03T16:55:04+00:00,defeat,19574,19770
3022,2025-09-04T14:52:04+00:00,defeat,19481,19422
3023,2025-09-04T15:02:40+00:00,victory,19573,19577
3024,2025-09-04T15:13:12+00:00,victory,19670,19914
3025,2025-09-04T15:21:48+00:00,defeat,19577,19385
3026,2025-09-04T15:31:44+00:00,victory,19648,18954
3027,2025-09-04T15:41:19+00:00,victory,19736,19738
3028,2025-09-04T15:55:39+00:00,defeat,19663,20143
3029,2025-09-04T22:59:18+00:00,defeat,19587,19961
3030,2025-09-04T23:06:07+00:00,defeat,19490,19490
3031,2025-09-05T15:35:14+00:00,victory,19592,19911
3032,2025-09-05T15:45:15+00:00,victory,19680,19631
3033,2025-09-05T15:55:44+00:00,defeat,19575,19032
3034,2025-09-05T16:05:19+00:00,defeat,19495,19853
3035,2025-09-06T15:20:02+00:00,victory,19618,20610
3036,2025-09-06T15:29:51+00:00,victory,19697,19325
3037,2025-09-06T15:37:11+00:00,defeat,19605,19524
3038,2025-09-06T17:40:44+00:00,defeat,19509,19319
3039,2025-09-06T17:47:55+00:00,victory,19589,19185
3040,2025-09-06T17:58:01+00:00,victory,19679,19714
3041,2025-09-06T18:06:02+00:00,victory,19763,19619
3042,2025-09-06T21:59:15+00:00,victory_by_dq,19829,19134
3043,2025-09-06T22:07:43+00:00,victory,19884,18640
3044,2025-09-06T22:19:33+00:00,victory,19930,18396
3045,2025-09-06T22:32:26+00:00,victory,20006,19747
3046,2025-09-06T22:42:17+00:00,victory_by_dq,20057,18395
3047,2025-09-06T22:53:01+00:00,defeat,19955,20436
3048,2025-09-06T23:04:58+00:00,victory,20044,20222
3049,2025-09-06T23:15:22+00:00,defeat,19911,19765
3050,2025-09-07T17:10:54+00:00,victory,19991,19847
3051,2025-09-07T17:21:04+00:00,defeat,19903,19624
3052,2025-09-07T17:32:12+00:00,defeat,19814,19679
3053,2025-09-07T22:37:52+00:00,victory,19883,19281
3054,2025-09-07T22:51:08+00:00,defeat,19820,20510
3055,2025-09-07T22:57:43+00:00,victory,19899,19691
3056,2025-09-08T15:15:53+00:00,defeat,19806,19488
3057,2025-09-08T15:23:05+00:00,victory,19877,19377
3058,2025-09-08T15:32:41+00:00,defeat,19799,20011
3059,2025-09-08T15:38:06+00:00,victory,19876,19620
3060,2025-09-08T15:47:52+00:00,victory,19938,19118
3061,2025-09-08T15:53:51+00:00,victory,20013,19729
3062,2025-09-08T16:01:45+00:00,victory,20095,19646
3063,2025-09-08T21:56:07+00:00,defeat,20009,20766
3064,2025-09-08T22:04:40+00:00,defeat,19880,19832
3065,2025-09-08T22:09:58+00:00,victory,19977,20414
3066,2025-09-08T22:16:40+00:00,defeat,19888,19654
3067,2025-09-08T22:26:45+00:00,defeat,19829,20629
3068,2025-09-08T22:33:38+00:00,victory,19918,20070
3069,2025-09-08T22:42:28+00:00,victory,19998,19877
3070,2025-09-08T22:56:02+00:00,victory,20095,20607
3071,2025-09-09T15:13:31+00:00,victory,20169,19501
3072,2025-09-09T15:23:04+00:00,defeat,20053,20178
3073,2025-09-09T15:36:13+00:00,victory,20150,20170
3074,2025-09-09T15:49:34+00:00,victory,20227,19671
3075,2025-09-09T16:57:58+00:00,victory,20338,20838
3076,2025-09-09T17:06:48+00:00,defeat,20250,20830
3077,2025-09-09T17:13:41+00:00,defeat,20137,20246
3078,2025-09-09T17:24:33+00:00,defeat,20008,19831
3079,2025-09-09T17:39:54+00:00,defeat,19865,19490
3080,2025-09-09T18:48:57+00:00,victory,19948,19895
3081,2025-09-09T19:03:12+00:00,defeat,19863,19823
3082,2025-09-10T15:11:42+00:00,defeat,19797,20335
3083,2025-09-10T15:24:10+00:00,victory,19880,19786
3084,2025-09-10T15:35:24+00:00,victory,19954,19604
3085,2025-09-10T15:55:33+00:00,defeat,19872,19928
3086,2025-09-10T20:37:09+00:00,victory,19937,19199
3087,2025-09-10T20:44:53+00:00,victory,20017,19930
3088,2025-09-10T20:57:40+00:00,victory,20097,19586
3089,2025-09-10T21:06:32+00:00,defeat,19961,19336
3090,2025-09-10T22:22:51+00:00,victory,20036,19786
3091,2025-09-10T22:31:38+00:00,defeat,19922,20146
3092,2025-09-10T22:47:04+00:00,defeat,19868,20804
3093,2025-09-10T22:56:56+00:00,victory,19951,19896
3094,2025-09-10T23:06:58+00:00,defeat,19891,20497
3095,2025-09-10T23:15:06+00:00,defeat,19800,19586
3096,2025-09-10T23:21:54+00:00,victory,19874,19493
3097,2025-09-11T19:54:10+00:00,defeat,19787,19709
3098,2025-09-11T20:00:11+00:00,defeat,19705,19881
3099,2025-09-11T20:09:30+00:00,victory,19801,20096
3100,2025-09-11T20:18:01+00:00,defeat,19761,21203
3101,2025-09-11T20:24:35+00:00,victory,19835,19394
3102,2025-09-11T20:38:01+00:00,defeat,19756,19998
3103,2025-09-11T20:55:44+00:00,defeat,19687,20265
3104,2025-09-11T22:13:33+00:00,defeat,19604,19837
3105,2025-09-12T19:04:45+00:00,victory,19679,19163
3106,2025-09-12T19:15:01+00:00,victory,19771,19912
3107,2025-09-12T19:28:32+00:00,defeat,19714,20651
3108,2025-09-12T22:23:11+00:00,victory,19805,19914
3109,2025-09-12T22:32:13+00:00,defeat,19710,19431
3110,2025-09-12T22:41:57+00:00,defeat,19629,19891
3111,2025-09-12T22:53:24+00:00,victory,19707,19327
3112,2025-09-12T23:08:44+00:00,defeat,19626,19877
3113,2025-09-13T15:10:37+00:00,defeat,19555,20095
3114,2025-09-13T15:20:40+00:00,victory,19658,20075
3115,2025-09-13T15:29:50+00:00,victory,19731,19192
3116,2025-09-13T15:33:47+00:00,victory,19812,19600
3117,2025-09-13T15:46:19+00:00,victory,19882,19346
3118,2025-09-13T15:55:14+00:00,victory,19957,19640
3119,2025-09-13T16:06:23+00:00,victory,20018,19272
3120,2025-09-13T16:19:00+00:00,defeat,19931,20723
3121,2025-09-14T15:51:27+00:00,defeat,19833,19330
3122,2025-09-14T15:58:19+00:00,defeat,19749,19823
3123,2025-09-14T16:04:50+00:00,victory,19836,19856
3124,2025-09-14T16:19:29+00:00,victory,19923,20004
3125,2025-09-14T16:31:25+00:00,victory,20005,19992
3126,2025-09-14T16:45:51+00:00,defeat,19883,19953
3127,2025-09-14T21:05:55+00:00,defeat,19806,19922
3128,2025-09-14T21:13:33+00:00,victory,19837,19837
3129,2025-09-14T21:25:21+00:00,defeat,19752,19812
3130,2025-09-14T21:39:57+00:00,defeat,19671,19934
3131,2025-09-14T21:52:53+00:00,victory,19748,19331
3132,2025-09-15T14:16:24+00:00,defeat,19663,19596
3133,2025-09-15T14:27:29+00:00,defeat,19562,19180
3134,2025-09-15T14:36:40+00:00,defeat,19490,20132
3135,2025-09-15T14:44:45+00:00,victory,19583,19599
3136,2025-09-15T14:54:23+00:00,defeat,19502,19862
3137,2025-09-15T15:03:49+00:00,victory,19579,19049
3138,2025-09-18T15:38:53+00:00,victory,19687,20261
3139,2025-09-18T15:45:53+00:00,victory,19781,19957
3140,2025-09-18T15:53:53+00:00,victory,19856,19499
3141,2025-09-18T15:59:24+00:00,defeat,19775,19911
3142,2025-09-18T17:19:04+00:00,victory,19863,19946
3143,2025-09-18T17:44:23+00:00,victory,19935,19476
3144,2025-09-18T17:53:49+00:00,victory,20003,19481
3145,2025-09-18T18:05:58+00:00,defeat,19875,19832
3146,2025-09-18T22:27:56+00:00,defeat,19766,18889
3147,2025-09-18T22:35:49+00:00,defeat,19677,19619
3148,2025-09-18T22:44:14+00:00,victory,19751,19298
3149,2025-09-18T22:59:34+00:00,defeat,19690,20495
3150,2025-09-19T16:53:38+00:00,victory,19784,20018
3151,2025-09-19T17:04:13+00:00,defeat,19691,19494
3152,2025-09-19T20:23:43+00:00,victory,19779,19785
3153,2025-09-19T20:35:41+00:00,victory,19861,19710
3154,2025-09-19T20:50:01+00:00,defeat,19758,19139
3155,2025-09-19T22:07:42+00:00,victory,19832,19376
3156,2025-09-19T22:15:22+00:00,victory,19897,19194
3157,2025-09-19T22:21:18+00:00,defeat,19820,20066
3158,2025-09-19T22:31:56+00:00,victory,19901,19750
3159,2025-09-19T22:39:37+00:00,victory,19965,19265
3160,2025-09-19T22:52:15+00:00,defeat,19910,20770
3161,2025-09-19T23:01:36+00:00,victory,19936,16988
3162,2025-09-20T17:00:09+00:00,victory,20014,19821
3163,2025-09-20T17:10:20+00:00,victory,20113,20120
3164,2025-09-20T17:18:10+00:00,victory,20184,19428
3165,2025-09-20T17:39:28+00:00,defeat,20089,20639
3166,2025-09-20T17:52:08+00:00,victory,20146,18852
3167,2025-09-20T19:11:52+00:00,victory,20229,19857
3168,2025-09-20T19:24:45+00:00,victory,20293,19368
3169,2025-09-20T19:33:37+00:00,defeat,20195,20627
3170,2025-09-20T19:37:56+00:00,victory_by_dq,20295,20754
3171,2025-09-20T19:54:02+00:00,victory,20372,19936
3172,2025-09-20T20:05:21+00:00,victory,20452,20171
3173,2025-09-20T20:20:49+00:00,defeat,20365,20912
3174,2025-09-21T15:55:48+00:00,defeat,20230,19814
3175,2025-09-21T16:05:54+00:00,victory,20321,20261
3176,2025-09-21T16:13:22+00:00,victory,20400,20049
3177,2025-09-21T16:28:01+00:00,victory,20479,20193
3178,2025-09-21T19:44:42+00:00,defeat,20391,19884
3179,2025-09-21T22:54:37+00:00,victory,20459,19808
3180,2025-09-21T23:00:21+00:00,victory,20553,20716
3181,2025-09-22T16:10:36+00:00,defeat,20482,20519
3182,2025-09-22T16:25:24+00:00,victory,20533,19743
3183,2025-09-23T16:26:01+00:00,victory,20596,20260
3184,2025-09-23T16:41:32+00:00,defeat,20534,20729
3185,2025-09-23T16:58:31+00:00,nullified,20440,18218
3186,2025-09-23T22:00:46+00:00,defeat,20427,20514
3187,2025-09-23T22:13:39+00:00,victory,20513,20453
3188,2025-09-23T22:20:24+00:00,defeat,20460,21080
3189,2025-09-24T15:22:57+00:00,victory,20536,20636
3190,2025-09-24T15:39:35+00:00,defeat,20455,20154
3191,2025-09-24T22:40:10+00:00,defeat,20398,20780
3192,2025-09-24T22:48:07+00:00,defeat,20272,20023
3193,2025-09-25T14:40:29+00:00,defeat,20212,21385
3194,2025-09-25T14:47:49+00:00,defeat,20098,20257
3195,2025-09-25T14:58:03+00:00,victory,20156,18880
3196,2025-09-25T15:08:36+00:00,defeat,20020,19724
3197,2025-09-25T15:33:20+00:00,victory,20131,20484
3198,2025-09-26T18:53:59+00:00,defeat,20041,20721
3199,2025-09-26T19:04:39+00:00,defeat,19901,19571
3200,2025-09-26T19:12:51+00:00,defeat,19822,20021
3201,2025-09-26T19:25:30+00:00,defeat,19725,19387
3202,2025-09-26T19:36:37+00:00,victory,19818,19984
3203,2025-09-26T19:46:19+00:00,victory,19887,19296
3204,2025-09-26T20:00:45+00:00,defeat,19787,19305
3205,2025-09-27T20:07:12+00:00,victory,19881,20104
3206,2025-09-27T20:14:50+00:00,victory,19970,20153
3207,2025-09-27T20:24:05+00:00,victory,20021,18786
3208,2025-09-27T20:36:51+00:00,victory,20107,19758
3209,2025-09-27T22:37:19+00:00,victory,20188,19744
3210,2025-09-27T22:45:25+00:00,defeat,20098,20649
3211,2025-09-28T16:23:36+00:00,victory,20187,19992
3212,2025-09-28T16:30:33+00:00,victory,20264,19778
3213,2025-09-28T16:52:28+00:00,victory,20341,19907
3214,2025-09-28T22:05:24+00:00,victory,20427,20320
3215,2025-09-28T22:15:51+00:00,victory,20517,20559
3216,2025-09-28T22:32:19+00:00,victory,20569,19889
3217,2025-09-28T22:45:29+00:00,defeat,20529,21497
3218,2025-09-28T22:57:49+00:00,defeat,20476,21055
3219,2025-09-28T23:09:28+00:00,defeat,20389,19913
3220,2025-09-29T15:12:04+00:00,victory,20482,20588
3221,2025-09-29T15:23:55+00:00,defeat,20417,20708
3222,2025-09-29T15:48:03+00:00,defeat,20309,20412
3223,2025-09-30T22:15:14+00:00,victory,20412,20728
3224,2025-09-30T22:39:06+00:00,victory,20480,19866
3225,2025-09-30T22:53:14+00:00,victory,20549,20456
3226,2025-10-01T15:26:13+00:00,defeat,20485,20724
3227,2025-10-01T15:38:45+00:00,defeat,20402,20030
3228,2025-10-01T15:50:53+00:00,defeat,20297,20446
3229,2025-10-01T22:18:40+00:00,victory,20382,20217
3230,2025-10-01T22:29:07+00:00,defeat,20242,19644
3231,2025-10-01T22:42:44+00:00,defeat,20171,21135
3232,2025-10-01T22:50:58+00:00,defeat,20034,19663
3233,2025-10-01T23:00:15+00:00,defeat,19904,19815
3234,2025-10-02T15:31:24+00:00,victory,19978,19667
3235,2025-10-02T15:37:45+00:00,victory,20056,19897
3236,2025-10-02T15:49:43+00:00,victory,20138,19687
3237,2025-10-02T16:02:14+00:00,victory,20219,19849
3238,2025-10-02T20:44:22+00:00,defeat,20087,19797
3239,2025-10-02T20:53:39+00:00,victory,20172,19859
3240,2025-10-02T21:13:31+00:00,victory,20242,19517
3241,2025-10-02T21:21:50+00:00,victory,20308,19503
3242,2025-10-03T16:18:03+00:00,defeat,20181,19963
3243,2025-10-03T16:31:29+00:00,defeat,20088,20645
3244,2025-10-03T16:43:37+00:00,defeat,19967,20047
3245,2025-10-03T22:15:26+00:00,victory,20042,19799
3246,2025-10-03T22:24:54+00:00,victory,20098,18717
3247,2025-10-03T22:33:32+00:00,victory,20180,19777
3248,2025-10-03T22:46:18+00:00,defeat,20074,20390
3249,2025-10-03T22:53:44+00:00,defeat,19948,19916
3250,2025-10-04T15:40:12+00:00,defeat,19873,20137
3251,2025-10-04T15:46:31+00:00,victory,19950,19716
3252,2025-10-04T15:55:12+00:00,victory,20034,20121
3253,2025-10-04T16:03:52+00:00,victory,20127,19995
3254,2025-10-04T16:14:14+00:00,victory,20211,19923
3255,2025-10-04T16:25:48+00:00,defeat,20116,20617
3256,2025-10-04T17:38:02+00:00,defeat,20036,20890
3257,2025-10-05T14:42:09+00:00,victory,20124,19885
3258,2025-10-05T14:55:52+00:00,defeat,20043,20885
3259,2025-10-05T15:10:30+00:00,defeat,19919,19938
3260,2025-10-05T15:19:44+00:00,victory,20000,19952
3261,2025-10-05T15:34:22+00:00,defeat,19877,19915
3262,2025-10-05T15:42:13+00:00,victory,19957,19866
3263,2025-10-05T19:52:54+00:00,defeat,19881,20002
3264,2025-10-06T15:00:36+00:00,victory,19945,19228
3265,2025-10-06T15:09:52+00:00,defeat,19875,20302
3266,2025-10-06T15:15:58+00:00,victory,19948,19603
3267,2025-10-06T15:35:56+00:00,victory,20016,19484
3268,2025-10-06T15:48:10+00:00,victory,20105,19874
3269,2025-10-06T22:14:58+00:00,victory,20204,20328
3270,2025-10-06T22:25:54+00:00,victory,20255,18795
3271,2025-10-06T22:37:15+00:00,defeat,20133,20067
3272,2025-10-06T22:48:08+00:00,defeat,20012,19996
3273,2025-10-07T14:58:24+00:00,defeat,19884,19835
3274,2025-10-07T15:28:11+00:00,defeat,19803,19921
3275,2025-10-07T15:37:07+00:00,defeat,19737,20398
3276,2025-10-07T15:47:05+00:00,defeat,19667,20209
3277,2025-10-07T15:55:51+00:00,victory,19749,19578
3278,2025-10-07T16:03:53+00:00,victory,19832,19729
3279,2025-10-07T16:15:47+00:00,victory,19940,20670
3280,2025-10-07T19:45:39+00:00,defeat,19872,20361
3281,2025-10-07T19:53:59+00:00,defeat,19790,19916
3282,2025-10-07T22:27:54+00:00,defeat,19696,19426
3283,2025-10-07T22:33:05+00:00,victory,19786,19905
3284,2025-10-07T22:39:39+00:00,defeat,19695,19494
3285,2025-10-07T22:46:38+00:00,victory,19790,20014
3286,2025-10-07T22:54:03+00:00,victory,19868,19637
3287,2025-10-07T23:08:29+00:00,defeat,19814,20765
3288,2025-10-07T23:17:56+00:00,victory,19895,19779
3289,2025-10-08T19:12:54+00:00,defeat,19824,20264
3290,2025-10-08T19:21:14+00:00,victory,19898,19504
3291,2025-10-08T19:32:45+00:00,defeat,19815,19874
3292,2025-10-08T19:41:24+00:00,victory,19855,17906
3293,2025-10-08T19:50:38+00:00,victory,19919,19178
3294,2025-10-08T19:57:37+00:00,victory,19977,19034
3295,2025-10-08T20:05:05+00:00,defeat,19900,20082
3296,2025-10-09T15:36:21+00:00,defeat,19816,19868
3297,2025-10-09T15:46:12+00:00,victory,19893,19587
3298,2025-10-09T16:01:20+00:00,defeat,19811,19920
3299,2025-10-09T20:14:03+00:00,victory,19882,19392
3300,2025-10-09T20:26:55+00:00,victory,19935,18740
3301,2025-10-09T20:38:31+00:00,victory,20019,20042
3302,2025-10-09T20:46:39+00:00,defeat,19886,19740
3303,2025-10-09T22:22:33+00:00,victory,19976,20192
3304,2025-10-09T22:37:04+00:00,defeat,19914,20562
3305,2025-10-09T22:45:00+00:00,defeat,19830,19848
3306,2025-10-09T22:51:35+00:00,victory,19909,19684
3307,2025-10-09T23:03:42+00:00,victory,19992,20018
3308,2025-10-09T23:17:42+00:00,victory,20098,20860
3309,2025-10-09T23:25:38+00:00,victory,20195,20237
3310,2025-10-10T17:59:57+00:00,victory,20242,18576
3311,2025-10-10T18:09:02+00:00,defeat,20113,19904
3312,2025-10-10T18:12:37+00:00,defeat,20003,20278
3313,2025-10-10T18:21:55+00:00,defeat,19874,19844
3314,2025-10-10T19:46:05+00:00,victory,19946,19518
3315,2025-10-10T19:58:43+00:00,victory,20011,19365
3316,2025-10-10T20:13:27+00:00,victory,20093,19652
3317,2025-10-10T20:25:44+00:00,defeat,20001,20638
3318,2025-10-10T20:35:59+00:00,defeat,19869,19765
3319,2025-10-12T14:16:28+00:00,victory,19957,20075
3320,2025-10-12T14:27:55+00:00,victory,20026,19584
3321,2025-10-12T14:38:52+00:00,defeat,19907,20041
3322,2025-10-12T14:50:19+00:00,defeat,19840,20409
3323,2025-10-12T15:01:51+00:00,victory,19922,19804
3324,2025-10-12T15:14:10+00:00,defeat,19837,19811
3325,2025-10-12T15:23:11+00:00,victory,19917,19750
3326,2025-10-12T15:44:27+00:00,victory,19983,19384
3327,2025-10-13T14:10:48+00:00,defeat,19915,20391
3328,2025-10-13T14:20:47+00:00,defeat,19822,19510
3329,2025-10-13T14:33:39+00:00,defeat,19768,20762
3330,2025-10-13T14:42:17+00:00,defeat,19694,20127
3331,2025-10-13T14:52:05+00:00,victory,19787,19972
3332,2025-10-13T15:02:16+00:00,defeat,19713,20112
3333,2025-10-13T15:11:07+00:00,victory,19792,19526
3334,2025-10-13T15:20:46+00:00,victory,19895,20455
3335,2025-10-13T15:31:03+00:00,victory,19965,19503
3336,2025-10-13T19:53:41+00:00,victory,20052,20226
3337,2025-10-13T20:05:07+00:00,victory,20139,19864
3338,2025-10-13T20:13:44+00:00,victory,20224,19956
3339,2025-10-14T14:06:13+00:00,victory,20300,19836
3340,2025-10-14T14:22:12+00:00,defeat,20200,20531
3341,2025-10-14T14:33:19+00:00,defeat,20082,20137
3342,2025-10-14T14:42:56+00:00,defeat,19951,19751
3343,2025-10-14T14:48:33+00:00,defeat,19853,19303
3344,2025-10-14T14:54:07+00:00,victory,19930,19719
3345,2025-10-14T15:08:01+00:00,defeat,19857,20203
3346,2025-10-14T19:27:28+00:00,defeat,19797,20576
3347,2025-10-14T20:52:06+00:00,victory,19867,19326
3348,2025-10-14T21:04:06+00:00,victory,19925,18965
3349,2025-10-15T20:59:23+00:00,victory,20030,20734
3350,2025-10-15T21:06:08+00:00,victory,20111,19547
3351,2025-10-15T21:23:30+00:00,defeat,19970,19547
3352,2025-10-15T21:35:36+00:00,defeat,19879,19626
3353,2025-10-16T13:48:47+00:00,victory,19954,19657
3354,2025-10-16T14:01:25+00:00,victory,20029,19768
3355,2025-10-16T14:07:41+00:00,defeat,19893,19673
3356,2025-10-16T14:18:13+00:00,victory,19974,19881
3357,2025-10-16T14:25:14+00:00,defeat,19885,19698
3358,2025-10-17T16:01:09+00:00,defeat,19810,20116
3359,2025-10-17T16:12:15+00:00,victory,19889,19711
3360,2025-10-17T16:19:38+00:00,victory,19967,19785
3361,2025-10-17T16:29:54+00:00,defeat,19851,18504
3362,2025-10-17T16:40:11+00:00,victory,19928,19708
3363,2025-10-17T16:51:47+00:00,defeat,19849,20010
3364,2025-10-17T17:03:42+00:00,victory,19927,19712
3365,2025-10-17T22:27:46+00:00,victory,19972,18389
3366,2025-10-17T22:41:43+00:00,defeat,19914,20701
3367,2025-10-17T22:53:09+00:00,defeat,19832,19913
3368,2025-10-17T23:01:14+00:00,victory,19914,19813
3369,2025-10-17T23:15:29+00:00,victory,19993,19861
3370,2025-10-17T23:26:50+00:00,victory,20064,19682
3371,2025-10-18T14:20:30+00:00,defeat,19935,19630
3372,2025-10-18T14:26:10+00:00,victory,20008,19666
3373,2025-10-18T14:33:01+00:00,victory,20080,19292
3374,2025-10-18T14:43:14+00:00,defeat,19962,20096
3375,2025-10-18T14:53:57+00:00,victory,20033,19636
3376,2025-10-18T15:06:19+00:00,defeat,19900,19727
3377,2025-10-19T14:06:28+00:00,victory,19982,19922
3378,2025-10-19T14:16:15+00:00,victory,20053,19686
3379,2025-10-19T14:24:29+00:00,victory,20140,19881
3380,2025-10-19T14:34:18+00:00,defeat,20010,19827
3381,2025-10-19T14:49:30+00:00,defeat,19870,19497
3382,2025-10-19T15:01:17+00:00,victory,19942,19506
3383,2025-10-19T19:54:28+00:00,defeat,19886,20755
3384,2025-10-19T20:00:14+00:00,victory,19957,19488
3385,2025-10-19T20:07:59+00:00,victory,20035,19918
3386,2025-10-19T20:16:10+00:00,victory,20139,20328
3387,2025-10-19T20:22:35+00:00,defeat,20007,19786
3388,2025-10-19T20:29:51+00:00,defeat,19885,19853
3389,2025-10-19T20:38:46+00:00,victory,19963,19811
3390,2025-10-20T13:20:45+00:00,defeat,19870,19527
3391,2025-10-20T13:26:59+00:00,defeat,19774,19377
3392,2025-10-20T14:05:18+00:00,defeat,19693,19892
3393,2025-10-20T18:19:35+00:00,defeat,19596,19290
3394,2025-10-20T18:23:06+00:00,victory,19663,18877
3395,2025-10-20T18:31:54+00:00,victory,19766,20230
3396,2025-10-20T18:43:32+00:00,defeat,19680,19743
3397,2025-10-20T18:50:45+00:00,defeat,19592,19582
3398,2025-10-21T14:34:18+00:00,victory,19652,18590
3399,2025-10-21T14:44:55+00:00,victory,19743,19858
3400,2025-10-21T14:58:37+00:00,victory,19819,19449
3401,2025-10-21T15:08:52+00:00,victory,19901,19800
3402,2025-10-21T15:20:18+00:00,victory,19975,19669
3403,2025-10-21T15:22:45+00:00,no_contest,19975,20107
3404,2025-10-21T15:32:42+00:00,victory,20029,18962
3405,2025-10-21T15:39:18+00:00,defeat,19929,20459
3406,2025-10-22T17:12:56+00:00,victory,19982,18670
3407,2025-10-22T17:23:29+00:00,defeat,19897,19844
3408,2025-10-22T17:35:05+00:00,defeat,19808,19673
3409,2025-10-22T17:48:12+00:00,defeat,19707,19190
3410,2025-10-22T17:57:12+00:00,defeat,19620,19658
3411,2025-10-22T18:02:30+00:00,defeat,19557,20427
3412,2025-10-22T18:15:19+00:00,victory,19665,20211
3413,2025-10-23T15:22:02+00:00,victory,19742,19380
3414,2025-10-23T15:32:14+00:00,defeat,19666,20034
3415,2025-10-23T15:37:08+00:00,defeat,19579,19657
3416,2025-10-23T15:46:38+00:00,defeat,19482,19309
3417,2025-10-23T15:57:52+00:00,victory,19569,19398
3418,2025-10-23T16:10:58+00:00,victory,19664,19836
3419,2025-10-23T16:23:45+00:00,defeat,19611,20730
3420,2025-10-24T15:16:05+00:00,victory,19706,19912
3421,2025-10-24T15:24:32+00:00,defeat,19629,19988
3422,2025-10-24T15:43:12+00:00,victory,19719,19762
3423,2025-10-24T15:51:54+00:00,defeat,19635,19761
3424,2025-10-24T15:58:40+00:00,victory,19722,19674
3425,2025-10-24T16:04:02+00:00,defeat,19664,20608
3426,2025-10-24T16:15:57+00:00,victory,19711,17970
3427,2025-10-25T14:33:51+00:00,victory,19802,19927
3428,2025-10-25T14:42:22+00:00,victory,19878,19541
3429,2025-10-25T14:54:11+00:00,victory,19955,19730
3430,2025-10-25T15:04:03+00:00,defeat,19853,19193
3431,2025-10-25T15:16:04+00:00,victory,19942,20085
3432,2025-10-25T15:24:40+00:00,victory,20026,20065
3433,2025-10-26T14:21:54+00:00,victory,20121,20056
3434,2025-10-26T14:31:23+00:00,defeat,19995,19927
3435,2025-10-26T14:40:25+00:00,defeat,19914,19967
3436,2025-10-26T14:50:14+00:00,defeat,19838,20055
3437,2025-10-26T22:05:56+00:00,defeat,19756,19875
3438,2025-10-26T22:18:30+00:00,victory,19857,20353
3439,2025-10-26T22:25:08+00:00,defeat,19774,19839
3440,2025-10-26T22:36:51+00:00,victory,19870,20201
3441,2025-10-26T22:40:22+00:00,victory_by_dq,19948,19792
3442,2025-10-26T22:48:01+00:00,defeat,19861,19724
3443,2025-10-26T22:56:05+00:00,victory,19923,19125
3444,2025-10-26T23:00:25+00:00,victory,20015,20329
3445,2025-10-26T23:07:05+00:00,victory,20089,19315
3446,2025-10-27T14:39:05+00:00,victory,20185,20192
3447,2025-10-27T15:01:16+00:00,victory,20241,19006
3448,2025-10-27T15:15:16+00:00,nullified,20147,20645
3449,2025-10-27T15:32:39+00:00,defeat,20064,20835
3450,2025-10-28T13:57:20+00:00,defeat,20036,19989
3451,2025-10-28T14:04:59+00:00,victory,20130,20038
3452,2025-10-28T14:19:20+00:00,victory,20214,19900
3453,2025-10-28T14:29:12+00:00,victory,20294,19945
3454,2025-10-28T14:41:53+00:00,victory,20364,19746
3455,2025-10-28T14:50:39+00:00,victory,20429,19668
3456,2025-10-28T19:43:12+00:00,victory,20474,19397
3457,2025-10-28T19:54:16+00:00,defeat_by_dq,20408,20637
3458,2025-10-28T20:04:41+00:00,defeat_by_dq,20327,20998
3459,2025-10-28T20:16:00+00:00,victory,20393,19639
3460,2025-10-28T20:25:49+00:00,defeat,20294,20619
3461,2025-10-29T14:45:19+00:00,victory,20368,19883
3462,2025-10-29T14:54:56+00:00,victory,20453,20343
3463,2025-10-29T15:10:41+00:00,victory,20513,20072
3464,2025-10-29T15:22:45+00:00,victory,20565,19830
3465,2025-10-30T13:40:53+00:00,victory,20657,21353
3466,2025-10-30T13:52:38+00:00,victory,20715,20340
3467,2025-10-30T14:04:00+00:00,defeat,20649,20752
3468,2025-10-30T14:18:16+00:00,defeat,20564,20004
3469,2025-10-31T15:31:25+00:00,defeat,20504,20841
3470,2025-10-31T15:39:04+00:00,defeat_by_dq,20468,21608
3471,2025-10-31T15:53:31+00:00,victory,20519,19769
3472,2025-10-31T16:01:34+00:00,victory,20599,20895
3473,2025-10-31T16:18:54+00:00,victory,20661,20442
3474,2025-11-01T14:02:10+00:00,victory,20735,20931
3475,2025-11-01T14:10:57+00:00,defeat,20674,20906
3476,2025-11-01T14:25:28+00:00,victory,20740,20625
3477,2025-11-01T14:40:26+00:00,defeat,20677,20846
3478,2025-11-02T15:00:28+00:00,defeat,20607,20491
3479,2025-11-02T15:15:29+00:00,victory,20678,20753
3480,2025-11-02T15:31:47+00:00,defeat,20614,20754
3481,2025-11-02T23:07:49+00:00,defeat,20555,20140
3482,2025-11-02T23:18:46+00:00,victory,20612,20261
3483,2025-11-02T23:30:40+00:00,defeat,20562,21184
3484,2025-11-03T14:39:02+00:00,defeat,20520,21441
3485,2025-11-03T14:56:31+00:00,defeat,20456,20697
3486,2025-11-03T15:13:00+00:00,defeat,20371,19917
3487,2025-11-03T15:22:26+00:00,victory,20425,19282
3488,2025-11-03T21:13:27+00:00,defeat,20368,20913
3489,2025-11-03T21:22:20+00:00,defeat,20223,19418
3490,2025-11-04T13:45:25+00:00,defeat,20105,20044
3491,2025-11-04T13:55:58+00:00,defeat_by_dq,19993,20238
3492,2025-11-04T14:11:01+00:00,victory,20065,19806
3493,2025-11-04T14:16:19+00:00,defeat,19958,20352
3494,2025-11-04T14:26:21+00:00,defeat,19899,20644
3495,2025-11-04T14:34:16+00:00,defeat,19818,19870
3496,2025-11-05T15:24:40+00:00,victory,19882,19185
3497,2025-11-05T15:34:56+00:00,victory,19945,19428
3498,2025-11-05T15:45:33+00:00,victory,20021,19863
3499,2025-11-05T15:56:19+00:00,victory,20127,20353
3500,2025-11-05T16:05:31+00:00,victory,20218,20100
3501,2025-11-05T22:51:02+00:00,defeat,20097,19977
3502,2025-11-05T22:58:11+00:00,defeat,19970,19917
3503,2025-11-05T23:07:37+00:00,defeat,19894,20108
3504,2025-11-05T23:15:08+00:00,victory,19966,19661
3505,2025-11-05T23:26:10+00:00,defeat,19867,19195
3506,2025-11-06T15:31:18+00:00,victory,19940,19633
3507,2025-11-06T15:43:45+00:00,victory,19999,19214
3508,2025-11-06T15:52:28+00:00,defeat,19924,20084
3509,2025-11-06T22:26:03+00:00,victory,19978,18886
3510,2025-11-06T22:35:59+00:00,victory,20037,18548
3511,2025-11-06T22:49:27+00:00,victory,20102,19113
3512,2025-11-06T23:00:08+00:00,victory,20214,20648
3513,2025-11-06T23:05:37+00:00,victory,20298,20029
3514,2025-11-07T14:13:27+00:00,defeat,20208,20765
3515,2025-11-07T14:19:35+00:00,victory_by_dq,20269,19309
3516,2025-11-07T14:28:16+00:00,victory,20336,19630
3517,2025-11-07T14:38:32+00:00,victory,20401,19769
3518,2025-11-07T14:56:00+00:00,defeat,20321,20056
3519,2025-11-07T15:10:42+00:00,victory,20385,19642
3520,2025-11-08T15:18:51+00:00,victory,20442,19880
3521,2025-11-08T15:43:47+00:00,victory,20519,20652
3522,2025-11-08T15:59:17+00:00,victory,20566,19697
3523,2025-11-08T16:13:08+00:00,victory,20611,18790
3524,2025-11-09T15:10:20+00:00,victory,20697,21201
3525,2025-11-09T15:21:51+00:00,victory,20760,20595
3526,2025-11-09T15:33:53+00:00,defeat,20691,20593
3527,2025-11-09T15:46:18+00:00,defeat,20625,20648
3528,2025-11-09T15:55:41+00:00,defeat,20556,20465
3529,2025-11-10T14:44:34+00:00,victory,20613,20223
3530,2025-11-10T15:01:27+00:00,victory,20644,18938
3531,2025-11-10T15:20:15+00:00,defeat,20587,21019
3532,2025-11-10T15:31:37+00:00,defeat,20541,21308
3533,2025-11-11T14:26:21+00:00,victory,20602,20353
3534,2025-11-11T14:49:55+00:00,victory,20662,20397
3535,2025-11-11T14:58:02+00:00,victory,20720,20403
3536,2025-11-11T15:13:55+00:00,defeat,20672,21287
3537,2025-11-11T15:21:04+00:00,defeat,20608,20782
3538,2025-11-11T15:25:26+00:00,defeat,20570,21572
3539,2025-11-11T15:42:26+00:00,defeat,20484,19874
3540,2025-11-12T13:56:33+00:00,defeat,20411,20363
3541,2025-11-12T14:12:15+00:00,defeat,20362,21159
3542,2025-11-12T14:23:38+00:00,defeat,20274,20856
3543,2025-11-12T14:31:20+00:00,defeat,20151,19979
3544,2025-11-12T14:43:29+00:00,victory,20258,20565
3545,2025-11-13T15:04:18+00:00,victory,20337,20072
3546,2025-11-13T15:19:47+00:00,defeat,20262,21100
3547,2025-11-13T15:31:14+00:00,victory,20350,20219
3548,2025-11-13T15:46:58+00:00,victory,20405,19313
3549,2025-11-14T14:39:43+00:00,victory,20456,19630
3550,2025-11-14T14:54:05+00:00,defeat,20387,20575
3551,2025-11-14T15:15:47+00:00,defeat,20317,20461
3552,2025-11-14T15:26:27+00:00,victory,20386,19987
3553,2025-11-14T15:40:43+00:00,defeat,20308,20122
3554,2025-11-14T15:53:37+00:00,defeat,20194,20183
3555,2025-11-15T14:19:10+00:00,victory,20295,20445
3556,2025-11-15T14:29:50+00:00,victory,20366,19810
3557,2025-11-15T14:39:07+00:00,defeat,20230,19672
3558,2025-11-15T14:49:51+00:00,defeat,20117,20293
3559,2025-11-15T15:00:38+00:00,victory,20192,19620
3560,2025-11-16T14:06:16+00:00,victory,20299,20660
3561,2025-11-16T14:16:38+00:00,victory,20397,20566
3562,2025-11-16T14:26:18+00:00,victory,20448,19668
3563,2025-11-16T14:34:09+00:00,victory,20500,19776
3564,2025-11-16T14:48:47+00:00,victory,20552,19879
3565,2025-11-16T15:03:46+00:00,victory,20643,21258
3566,2025-11-16T15:18:08+00:00,defeat,20571,20359
3567,2025-11-16T23:29:21+00:00,defeat,20491,20109
3568,2025-11-16T23:45:34+00:00,victory,20549,20164
3569,2025-11-17T00:00:45+00:00,defeat,20460,19731
3570,2025-11-17T14:53:07+00:00,victory,20548,21016
3571,2025-11-17T15:11:59+00:00,victory,20614,20515
3572,2025-11-17T15:21:53+00:00,victory,20663,20021
3573,2025-11-17T15:38:15+00:00,victory,20717,20199
3574,2025-11-17T23:29:55+00:00,victory,20776,20458
3575,2025-11-18T15:12:16+00:00,defeat,20708,20611
3576,2025-11-18T21:51:10+00:00,defeat,20640,20667
3577,2025-11-18T22:04:45+00:00,defeat,20604,21211
3578,2025-11-18T22:21:18+00:00,victory,20641,19280
3579,2025-11-19T13:35:44+00:00,defeat,20572,20652
3580,2025-11-19T13:48:35+00:00,defeat,20501,20534
3581,2025-11-19T13:59:48+00:00,victory,20543,19393
3582,2025-11-20T13:37:38+00:00,defeat,20465,20196
3583,2025-11-20T13:54:24+00:00,defeat,20394,20399
3584,2025-11-20T14:07:13+00:00,defeat,20343,21107
3585,2025-11-20T14:12:58+00:00,defeat,20270,20935
3586,2025-11-20T14:21:59+00:00,defeat,20154,20044
3587,2025-11-20T14:31:36+00:00,victory,20245,20099
3588,2025-11-20T14:42:26+00:00,victory,20327,20137
3589,2025-11-20T14:50:46+00:00,victory,20417,20371
3590,2025-11-20T22:44:43+00:00,victory,20482,20279
3591,2025-11-20T22:55:32+00:00,defeat,20422,20869
3592,2025-11-21T13:59:35+00:00,defeat,20365,20842
3593,2025-11-21T14:09:30+00:00,victory,20461,20640
3594,2025-11-21T14:18:43+00:00,defeat,20383,20144
3595,2025-11-21T14:28:11+00:00,victory,20462,20267
3596,2025-11-21T14:44:22+00:00,defeat,20398,20654
3597,2025-11-21T14:58:46+00:00,victory,20454,19896
3598,2025-11-21T15:08:17+00:00,defeat,20383,20364
3599,2025-11-22T14:07:56+00:00,victory,20451,19896
3600,2025-11-22T14:29:42+00:00,defeat,20385,20552
3601,2025-11-22T14:35:55+00:00,victory,20449,19769
3602,2025-11-22T14:48:53+00:00,victory,20483,18792
3603,2025-11-22T23:41:54+00:00,victory,20541,20143
3604,2025-11-22T23:51:46+00:00,defeat,20473,20541
3605,2025-11-23T00:01:28+00:00,victory,20529,20027
3606,2025-11-23T13:41:53+00:00,victory,20601,20631
3607,2025-11-23T14:00:11+00:00,defeat,20535,20674
3608,2025-11-23T14:17:41+00:00,victory,20583,19806
3609,2025-11-23T14:30:40+00:00,defeat,20516,20647
3610,2025-11-23T14:43:59+00:00,victory,20572,20091
3611,2025-11-23T14:50:50+00:00,victory,20620,19864
3612,2025-11-25T14:31:01+00:00,defeat,20544,20266
3613,2025-11-25T14:35:52+00:00,defeat_by_dq,20475,20472
3614,2025-11-25T14:55:38+00:00,defeat,20391,20028
3615,2025-11-26T14:02:50+00:00,defeat,20255,19657
3616,2025-11-26T14:15:19+00:00,victory,20330,19898
3617,2025-11-26T14:29:07+00:00,victory,20424,20539
3618,2025-11-26T14:39:41+00:00,victory_by_dq,20496,20466
3619,2025-11-26T14:48:47+00:00,victory,20566,20493
3620,2025-11-26T14:57:58+00:00,defeat,20500,20681
3621,2025-11-27T14:27:20+00:00,defeat,20414,19346
3622,2025-11-27T14:38:03+00:00,victory,20485,20424
3623,2025-11-27T14:48:54+00:00,defeat,20395,19665
3624,2025-11-27T14:58:11+00:00,defeat,20311,20867
3625,2025-11-27T15:07:19+00:00,defeat,20241,21187
3626,2025-11-27T15:14:44+00:00,defeat,20119,19910
3627,2025-11-27T15:22:55+00:00,victory,20218,20287
3628,2025-11-28T14:15:45+00:00,victory,20297,19971
3629,2025-11-28T14:34:28+00:00,victory,20372,20026
3630,2025-11-28T14:50:10+00:00,defeat,20281,20722
3631,2025-11-28T14:57:43+00:00,victory,20346,19591
3632,2025-11-28T15:08:21+00:00,victory,20401,19295
3633,2025-11-28T15:18:17+00:00,victory,20472,20063
3634,2025-11-28T15:30:45+00:00,victory,20526,19937
3635,2025-11-28T15:42:07+00:00,defeat,20468,20895
3636,2025-11-28T23:06:01+00:00,victory,20537,20487
3637,2025-11-28T23:22:53+00:00,defeat,20455,19994
3638,2025-11-28T23:36:19+00:00,victory,20519,20338
3639,2025-11-28T23:57:54+00:00,victory,20593,20769
3640,2025-11-29T13:21:32+00:00,victory,20672,20993
3641,2025-11-29T13:42:17+00:00,victory,20732,20512
3642,2025-11-29T14:02:02+00:00,victory,20787,20258
3643,2025-11-29T21:10:07+00:00,victory,20866,21308
3644,2025-11-29T21:27:02+00:00,defeat,20797,20596
3645,2025-11-29T21:54:16+00:00,defeat,20724,20483
3646,2025-11-29T23:10:46+00:00,defeat,20660,20734
3647,2025-11-30T14:44:27+00:00,defeat,20596,20636
3648,2025-11-30T14:55:48+00:00,defeat,20519,20203
3649,2025-11-30T15:12:04+00:00,victory,20580,20335
3650,2025-11-30T15:27:51+00:00,defeat,20520,20853
3651,2025-11-30T23:13:49+00:00,defeat,20479,21432
3652,2025-11-30T23:23:18+00:00,defeat,20420,20786
3653,2025-11-30T23:39:28+00:00,defeat,20366,21000
3654,2025-11-30T23:50:45+00:00,victory,20435,19870
3655,2025-12-01T13:50:52+00:00,defeat,20359,20307
3656,2025-12-01T14:03:37+00:00,victory,20425,19783
3657,2025-12-01T14:19:12+00:00,victory,20484,20089
3658,2025-12-02T13:26:07+00:00,defeat,20428,20941
3659,2025-12-02T13:39:31+00:00,victory,20477,19643
3660,2025-12-02T13:50:32+00:00,victory,20538,20249
3661,2025-12-02T14:05:06+00:00,victory,20615,20826
3662,2025-12-02T22:58:06+00:00,defeat,20559,20960
3663,2025-12-02T23:14:07+00:00,victory,20604,19703
3664,2025-12-02T23:22:40+00:00,defeat,20550,21023
3665,2025-12-02T23:30:27+00:00,victory,20607,20239
3666,2025-12-03T22:44:47+00:00,victory,20660,20142
3667,2025-12-03T23:02:20+00:00,defeat,20595,20686
3668,2025-12-03T23:16:32+00:00,victory,20642,19807
3669,2025-12-04T14:31:51+00:00,defeat,20589,21128
3670,2025-12-04T14:45:50+00:00,victory,20646,20296
3671,2025-12-04T15:05:32+00:00,victory,20732,21265
3672,2025-12-04T15:18:31+00:00,defeat,20648,19995
3673,2025-12-04T22:25:50+00:00,defeat,20612,21650
3674,2025-12-04T22:36:40+00:00,defeat,20559,21104
3675,2025-12-04T22:57:51+00:00,victory,20594,19106
3676,2025-12-04T23:10:03+00:00,defeat,20553,21506
3677,2025-12-04T23:20:46+00:00,defeat,20473,20099
3678,2025-12-05T14:14:41+00:00,victory,20526,19850
3679,2025-12-05T14:28:11+00:00,defeat,20444,19635
3680,2025-12-05T14:46:32+00:00,victory,20491,19526
3681,2025-12-05T15:05:17+00:00,victory,20547,20065
3682,2025-12-05T21:19:06+00:00,victory,20606,20247
3683,2025-12-05T21:36:34+00:00,defeat,20527,20165
3684,2025-12-05T21:56:49+00:00,defeat,20444,20017
3685,2025-12-06T13:42:40+00:00,no_contest,20444,20528
3686,2025-12-06T13:57:18+00:00,victory,20504,20112
3687,2025-12-06T14:07:00+00:00,defeat,20426,20184
3688,2025-12-06T14:20:45+00:00,defeat,20378,21182
3689,2025-12-06T14:30:10+00:00,defeat,20245,19766
3690,2025-12-06T14:43:20+00:00,victory,20325,19932
3691,2025-12-06T20:00:31+00:00,defeat,20259,21283
3692,2025-12-06T20:07:58+00:00,defeat,20141,20105
3693,2025-12-06T20:23:46+00:00,victory,20255,20727
3694,2025-12-07T14:02:26+00:00,victory,20349,20381
3695,2025-12-07T14:07:09+00:00,no_contest,20349,19039
3696,2025-12-07T14:20:52+00:00,defeat,20263,20881
3697,2025-12-07T14:35:43+00:00,victory,20350,20191
3698,2025-12-07T14:48:16+00:00,defeat,20216,19705
3699,2025-12-07T14:57:54+00:00,defeat,20093,19957
3700,2025-12-07T15:07:19+00:00,defeat,20010,20806
3701,2025-12-07T23:05:05+00:00,defeat,19935,20979
3702,2025-12-07T23:14:01+00:00,victory,19989,18924
3703,2025-12-07T23:21:27+00:00,victory,20063,19868
3704,2025-12-07T23:31:16+00:00,victory,20163,20239
3705,2025-12-07T23:38:58+00:00,defeat,20031,19722
3706,2025-12-08T13:30:02+00:00,victory,20143,20520
3707,2025-12-08T13:42:57+00:00,victory,20227,20008
3708,2025-12-08T14:11:00+00:00,defeat,20103,19935
3709,2025-12-08T14:21:50+00:00,victory,20180,19685
3710,2025-12-08T14:29:36+00:00,defeat,20064,20100
3711,2025-12-08T14:37:05+00:00,defeat,19940,19865
3712,2025-12-08T14:43:02+00:00,victory,20010,19619
3713,2025-12-08T14:52:05+00:00,victory,20085,19499
3714,2025-12-08T23:11:59+00:00,defeat,19973,20112
3715,2025-12-08T23:22:43+00:00,defeat,19887,19690
3716,2025-12-08T23:34:04+00:00,victory,19952,19359
3717,2025-12-08T23:43:19+00:00,defeat,19876,20025
3718,2025-12-08T23:53:27+00:00,victory,19979,20570
3719,2025-12-09T14:02:45+00:00,victory,20056,19924
3720,2025-12-09T14:11:34+00:00,victory,20145,20044
3721,2025-12-09T14:20:14+00:00,victory,20250,20514
3722,2025-12-09T14:32:39+00:00,defeat,20157,20540
3723,2025-12-09T14:44:23+00:00,defeat,20051,20378
3724,2025-12-09T14:52:03+00:00,defeat,19964,20723
3725,2025-12-09T23:15:56+00:00,victory,20046,20043
3726,2025-12-09T23:31:01+00:00,victory,20109,19101
3727,2025-12-09T23:39:52+00:00,victory,20202,20121
3728,2025-12-09T23:46:34+00:00,defeat,20093,20260
3729,2025-12-10T00:01:30+00:00,victory,20161,19369
3730,2025-12-10T13:59:53+00:00,defeat,20055,20299
3731,2025-12-10T14:09:04+00:00,defeat,19933,19975
3732,2025-12-10T14:16:23+00:00,defeat,19849,19849
3733,2025-12-10T14:25:40+00:00,victory,19932,19915
3734,2025-12-10T14:37:29+00:00,defeat,19852,19973
3735,2025-12-10T14:49:25+00:00,defeat,19777,20001
3736,2025-12-10T14:56:46+00:00,defeat,19705,20080
3737,2025-12-10T15:02:08+00:00,victory,19782,19558
3738,2025-12-10T15:11:24+00:00,defeat,19707,20076
3739,2025-12-10T20:56:47+00:00,victory,19780,19372
3740,2025-12-10T21:09:58+00:00,victory,19850,19396
3741,2025-12-10T21:20:50+00:00,victory,19939,20092
3742,2025-12-10T21:30:53+00:00,victory,20012,19808
3743,2025-12-10T21:47:55+00:00,victory,20086,19466
3744,2025-12-10T21:59:13+00:00,defeat,19966,19950
3745,2025-12-10T23:10:30+00:00,victory,20039,19799
3746,2025-12-10T23:18:11+00:00,victory,20108,19360
3747,2025-12-10T23:24:49+00:00,defeat,19999,20177
3748,2025-12-11T13:26:49+00:00,victory,20065,19640
3749,2025-12-11T13:35:39+00:00,defeat,19941,19929
3750,2025-12-11T13:43:16+00:00,victory,19995,18992
3751,2025-12-11T13:46:54+00:00,defeat,19907,19628
3752,2025-12-11T13:58:45+00:00,defeat,19831,20002
3753,2025-12-11T14:07:35+00:00,defeat,19746,19665
3754,2025-12-11T14:12:11+00:00,defeat,19665,19775
3755,2025-12-11T14:18:36+00:00,victory,19724,18721
3756,2025-12-11T14:27:30+00:00,defeat,19639,19655
3757,2025-12-11T14:29:36+00:00,defeat_by_dq,19558,19818
3758,2025-12-11T14:44:25+00:00,defeat,19466,19460
3759,2025-12-11T14:53:17+00:00,victory,19569,20094
3760,2025-12-11T22:16:11+00:00,victory,19654,19595
3761,2025-12-11T22:23:25+00:00,defeat,19583,20142
3762,2025-12-11T22:31:47+00:00,victory,19665,19506
3763,2025-12-11T22:39:10+00:00,defeat,19591,20088
3764,2025-12-11T22:45:14+00:00,victory,19687,19900
3765,2025-12-12T13:32:32+00:00,victory,19761,19420
3766,2025-12-12T13:44:33+00:00,victory,19844,19756
3767,2025-12-12T13:58:24+00:00,victory,19951,20694
3768,2025-12-12T14:11:34+00:00,victory,20026,19860
3769,2025-12-12T14:19:34+00:00,victory,20114,20000
3770,2025-12-12T14:29:38+00:00,defeat,19971,19358
3771,2025-12-12T21:35:07+00:00,defeat,19905,20446
3772,2025-12-12T21:51:05+00:00,victory,19968,19306
3773,2025-12-12T23:06:44+00:00,defeat,19892,20132
3774,2025-12-12T23:14:37+00:00,defeat,19809,19751
3775,2025-12-12T23:21:09+00:00,victory,19869,19008
3776,2025-12-12T23:30:56+00:00,defeat,19809,20603
3777,2025-12-13T13:56:02+00:00,defeat,19725,19408
3778,2025-12-13T14:03:41+00:00,victory,19783,18757
3779,2025-12-13T14:17:41+00:00,defeat,19719,20447
3780,2025-12-13T14:24:29+00:00,victory,19792,19397
3781,2025-12-13T14:33:09+00:00,defeat,19711,19807
3782,2025-12-13T14:45:56+00:00,victory,19789,19553
3783,2025-12-13T14:57:24+00:00,defeat,19711,19990
3784,2025-12-13T15:13:23+00:00,victory,19832,20920
3785,2025-12-13T22:23:21+00:00,victory,19905,19478
3786,2025-12-13T22:29:22+00:00,defeat,19825,19879
3787,2025-12-13T22:36:54+00:00,victory,19905,19852
3788,2025-12-13T22:48:37+00:00,defeat,19821,19834
3789,2025-12-13T23:01:16+00:00,defeat,19737,19820
3790,2025-12-13T23:12:24+00:00,defeat,19654,19723
3791,2025-12-13T23:21:13+00:00,victory,19745,19846
3792,2025-12-14T13:56:12+00:00,victory,19822,19580
3793,2025-12-14T14:08:59+00:00,defeat,19759,20491
3794,2025-12-14T14:17:41+00:00,victory,19835,19476
3795,2025-12-14T14:27:28+00:00,victory,19902,19351
3796,2025-12-14T14:37:20+00:00,defeat,19832,20118
3797,2025-12-14T22:37:55+00:00,victory,19907,19662
3798,2025-12-14T22:57:51+00:00,defeat,19847,20583
3799,2025-12-14T23:06:22+00:00,victory,19914,19381
3800,2025-12-14T23:15:10+00:00,defeat,19830,19758
3801,2025-12-15T20:49:29+00:00,victory,19914,19907
3802,2025-12-15T20:59:35+00:00,defeat,19847,20387
3803,2025-12-15T21:10:49+00:00,victory,19921,19575
3804,2025-12-15T21:26:28+00:00,defeat,19826,19332
3805,2025-12-15T21:35:33+00:00,victory,19866,17961
3806,2025-12-15T21:51:48+00:00,victory,19982,20953
3807,2025-12-15T22:21:10+00:00,defeat,19900,19850
3808,2025-12-15T22:31:46+00:00,victory,19977,19829
3809,2025-12-16T13:30:12+00:00,victory,20055,20051
3810,2025-12-16T13:40:09+00:00,defeat,19936,19988
3811,2025-12-16T13:49:10+00:00,victory,20014,19861
3812,2025-12-16T14:00:26+00:00,defeat,19927,20691
3813,2025-12-16T14:14:40+00:00,victory,20005,19912
3814,2025-12-16T14:24:28+00:00,defeat,19882,19958
3815,2025-12-16T14:32:26+00:00,defeat,19806,20094
3816,2025-12-16T14:40:19+00:00,victory,19872,19261
3817,2025-12-16T14:48:46+00:00,defeat,19788,18377
3818,2025-12-16T14:57:48+00:00,victory,19859,19416
3819,2025-12-16T20:14:59+00:00,victory,19937,19828
3820,2025-12-16T20:31:23+00:00,victory,20019,20007
3821,2025-12-16T20:40:03+00:00,victory,20115,20214
3822,2025-12-16T20:46:14+00:00,defeat,20045,21085
3823,2025-12-16T20:52:48+00:00,defeat,19934,20250
3824,2025-12-16T20:57:34+00:00,victory,20014,20048
3825,2025-12-16T21:07:47+00:00,defeat,19936,20891
3826,2025-12-16T21:16:34+00:00,victory,19985,18685
3827,2025-12-16T21:28:11+00:00,defeat,19910,20176
3828,2025-12-17T13:44:55+00:00,victory_by_dq,19979,19691
3829,2025-12-17T14:01:54+00:00,victory,20056,19901
3830,2025-12-17T14:10:53+00:00,defeat,19947,20136
3831,2025-12-17T14:22:37+00:00,defeat,19878,20340
3832,2025-12-17T14:26:23+00:00,defeat,19800,19958
3833,2025-12-17T14:38:56+00:00,victory,19888,19985
3834,2025-12-17T14:47:46+00:00,victory,19969,20001
3835,2025-12-17T15:00:05+00:00,defeat,19894,20186
3836,2025-12-17T15:16:03+00:00,defeat,19832,20543
3837,2025-12-17T15:24:06+00:00,victory,19911,19804
3838,2025-12-17T19:22:54+00:00,defeat,19834,19971
3839,2025-12-17T19:28:58+00:00,defeat,19781,20662
3840,2025-12-17T19:34:28+00:00,victory,19842,18964
3841,2025-12-17T19:39:47+00:00,defeat,19756,19601
3842,2025-12-17T19:45:20+00:00,defeat,19666,19582
3843,2025-12-17T19:51:49+00:00,victory,19750,19615
3844,2025-12-17T20:00:26+00:00,defeat,19668,19865
3845,2025-12-17T20:08:39+00:00,victory,19760,19884
3846,2025-12-17T20:17:33+00:00,victory,19829,19311
3847,2025-12-17T21:46:41+00:00,victory,19890,19086
3848,2025-12-17T21:57:11+00:00,defeat,19814,19986
3849,2025-12-17T22:10:07+00:00,defeat,19728,19656
3850,2025-12-17T22:24:27+00:00,victory,19811,19773
3851,2025-12-17T22:36:46+00:00,defeat,19731,19835
3852,2025-12-17T22:47:53+00:00,victory,19813,19772
3853,2025-12-18T14:11:59+00:00,victory,19899,19928
3854,2025-12-18T14:25:14+00:00,victory,19979,19989
3855,2025-12-18T14:41:09+00:00,victory,20074,20504
3856,2025-12-18T14:53:36+00:00,defeat,19924,19167
3857,2025-12-18T14:59:20+00:00,no_contest,19924,19314
3858,2025-12-18T15:06:16+00:00,victory,19990,19525
3859,2025-12-18T15:24:59+00:00,defeat,19928,20473
3860,2025-12-18T21:55:30+00:00,defeat,19843,19730
3861,2025-12-18T22:05:03+00:00,defeat,19764,19868
3862,2025-12-18T22:14:42+00:00,victory,19842,19581
3863,2025-12-18T22:24:55+00:00,defeat,19762,19881
3864,2025-12-18T22:46:28+00:00,victory,19882,20949
3865,2025-12-18T22:55:48+00:00,victory,19951,19419
3866,2025-12-19T21:45:22+00:00,victory,20031,19973
3867,2025-12-19T22:03:02+00:00,victory,20152,20784
3868,2025-12-19T22:16:28+00:00,victory,20234,19942
3869,2025-12-19T22:24:36+00:00,victory,20305,19755
3870,2025-12-19T22:38:32+00:00,defeat,20210,20584
3871,2025-12-20T13:50:57+00:00,victory,20286,19867
3872,2025-12-20T14:36:02+00:00,victory,20364,20098
3873,2025-12-20T14:42:20+00:00,victory,20444,20212
3874,2025-12-20T14:53:49+00:00,victory,20532,21027
3875,2025-12-20T15:01:50+00:00,victory,20604,20661
3876,2025-12-20T19:50:55+00:00,defeat,20557,20957
3877,2025-12-20T20:03:00+00:00,defeat,20491,20262
3878,2025-12-20T20:16:07+00:00,victory,20561,20492
3879,2025-12-20T21:45:08+00:00,defeat,20476,19875
3880,2025-12-21T18:53:39+00:00,victory,20519,19420
3881,2025-12-21T19:10:08+00:00,victory,20571,19954
3882,2025-12-21T19:24:50+00:00,defeat,20523,21222
3883,2025-12-21T19:45:19+00:00,defeat,20476,21261
3884,2025-12-21T19:49:55+00:00,defeat_by_dq,20444,21732
3885,2025-12-21T22:37:40+00:00,defeat,20386,20684
3886,2025-12-21T22:48:31+00:00,defeat,20290,20593
3887,2025-12-21T23:01:17+00:00,defeat,20167,20070
3888,2025-12-21T23:20:12+00:00,victory,20269,20460
3889,2025-12-22T17:12:40+00:00,defeat,20164,20373
3890,2025-12-22T17:27:32+00:00,victory,20230,19415
3891,2025-12-22T23:16:47+00:00,victory,20294,19435
3892,2025-12-22T23:26:54+00:00,defeat,20169,19960
3893,2025-12-22T23:36:05+00:00,victory,20250,19923
3894,2025-12-22T23:51:13+00:00,defeat_by_dq,20118,19744
3895,2025-12-23T18:21:01+00:00,defeat,19995,19920
3896,2025-12-23T18:37:33+00:00,victory,20094,20639
3897,2025-12-23T18:50:22+00:00,victory,20188,20120
3898,2025-12-23T19:02:47+00:00,victory,20297,20688
3899,2025-12-23T19:17:35+00:00,victory,20371,19955
3900,2025-12-23T19:36:20+00:00,victory,20466,20615
3901,2025-12-23T19:50:17+00:00,victory,20539,20576
3902,2025-12-23T22:58:21+00:00,defeat,20456,19940
3903,2025-12-23T23:13:38+00:00,defeat,20375,20001
3904,2025-12-23T23:22:03+00:00,victory,20439,19731
3905,2025-12-24T14:17:12+00:00,victory,20493,19871
3906,2025-12-24T14:31:49+00:00,victory,20550,20126
3907,2025-12-24T19:53:47+00:00,defeat,20470,20099
3908,2025-12-24T20:11:07+00:00,defeat,20399,20378
3909,2025-12-25T20:04:13+00:00,victory,20455,19447
3910,2025-12-25T20:17:56+00:00,defeat,20393,20690
3911,2025-12-25T20:31:28+00:00,defeat,20331,21394
3912,2025-12-25T20:37:12+00:00,victory,20394,19584
3913,2025-12-25T20:47:00+00:00,defeat,20269,19554
3914,2025-12-25T23:25:17+00:00,victory,20335,19592
3915,2025-12-25T23:39:59+00:00,defeat,20254,20973
3916,2025-12-27T18:15:51+00:00,defeat,20135,20164
3917,2025-12-27T18:28:28+00:00,victory,20255,20890
3918,2025-12-27T18:40:30+00:00,victory,20296,18395
3919,2025-12-27T18:54:52+00:00,victory,20353,19271
3920,2025-12-27T19:02:18+00:00,victory,20389,18261
3921,2025-12-27T19:11:59+00:00,defeat,20286,20517
3922,2025-12-27T19:23:53+00:00,victory,20388,20621
3923,2025-12-27T19:41:34+00:00,victory,20480,20522
3924,2025-12-28T17:48:26+00:00,victory,20520,19232
3925,2025-12-28T18:03:16+00:00,defeat,20459,20835
3926,2025-12-28T18:21:06+00:00,defeat,20378,20066
3927,2025-12-28T22:48:02+00:00,victory,20436,19464
3928,2025-12-28T22:57:55+00:00,defeat,20384,21092
3929,2025-12-28T23:04:42+00:00,victory,20468,20277
3930,2025-12-28T23:17:38+00:00,victory,20512,19451
3931,2025-12-28T23:28:28+00:00,victory,20594,20874
3932,2025-12-29T17:24:52+00:00,defeat,20521,20470
3933,2025-12-29T17:37:16+00:00,victory,20587,20386
3934,2025-12-29T18:15:52+00:00,defeat,20517,20586
3935,2025-12-29T18:31:03+00:00,defeat,20432,19918
3936,2025-12-29T18:46:17+00:00,victory,20508,20570
3937,2025-12-30T14:23:11+00:00,defeat,20453,21008
3938,2025-12-30T19:55:39+00:00,defeat,20376,20184
3939,2025-12-30T20:05:43+00:00,defeat,20292,20938
3940,2025-12-30T20:19:13+00:00,victory,20363,19794
3941,2025-12-30T20:30:14+00:00,defeat,20289,21145
3942,2025-12-30T20:33:58+00:00,defeat_by_dq,20219,21182
3943,2025-12-30T20:50:39+00:00,defeat,20118,20540
3944,2025-12-30T20:59:12+00:00,defeat,20000,20032
3945,2025-12-31T13:58:28+00:00,victory,20092,19965
3946,2025-12-31T14:12:28+00:00,victory,20178,20004
3947,2025-12-31T14:27:16+00:00,victory,20278,20445
3948,2025-12-31T14:39:52+00:00,victory,20326,18859
3949,2025-12-31T14:59:42+00:00,defeat,20268,21437
3950,2025-12-31T15:06:10+00:00,victory,20332,19517
3951,2025-12-31T15:15:18+00:00,defeat,20253,21027
3952,2025-12-31T21:18:21+00:00,defeat_by_dq,20195,21428
3953,2025-12-31T21:23:46+00:00,victory_by_dq,20243,18605
3954,2025-12-31T21:36:05+00:00,defeat,20141,20555
3955,2025-12-31T21:44:19+00:00,defeat,20014,19876
3956,2026-01-01T20:32:41+00:00,victory,20104,19907
3957,2026-01-01T20:43:27+00:00,victory,20141,17859
3958,2026-01-01T20:52:47+00:00,defeat,20004,19564
3959,2026-01-01T21:00:43+00:00,defeat,19883,20066
3960,2026-01-01T21:08:36+00:00,victory,19944,19133
3961,2026-01-01T21:19:44+00:00,defeat,19873,20240
3962,2026-01-01T21:30:59+00:00,victory,19938,19271
3963,2026-01-02T18:09:02+00:00,victory,20068,21476
3964,2026-01-02T18:18:26+00:00,victory,20167,20156
3965,2026-01-02T18:34:46+00:00,victory,20237,19488
3966,2026-01-02T18:41:58+00:00,victory,20324,20103
3967,2026-01-02T18:55:47+00:00,defeat,20224,20583
3968,2026-01-02T19:09:23+00:00,victory,20296,19715
3969,2026-01-02T19:17:39+00:00,victory,20384,20256
3970,2026-01-02T19:29:11+00:00,defeat,20266,19631
3971,2026-01-02T19:40:58+00:00,victory,20346,20070
3972,2026-01-02T19:52:31+00:00,defeat,20211,19735
3973,2026-01-02T20:07:28+00:00,victory,20312,20482
3974,2026-01-02T20:23:09+00:00,victory,20374,19520
3975,2026-01-02T20:29:24+00:00,defeat,20250,19984
3976,2026-01-02T20:34:56+00:00,victory,20328,19962
3977,2026-01-02T20:42:36+00:00,defeat,20265,21346
3978,2026-01-02T20:50:30+00:00,defeat,20138,19893
3979,2026-01-02T20:56:41+00:00,victory,20224,19963
3980,2026-01-02T21:10:13+00:00,defeat,20164,21379
3981,2026-01-03T17:41:11+00:00,victory,20262,20325
3982,2026-01-03T17:49:37+00:00,victory,20325,19456
3983,2026-01-03T18:02:05+00:00,victory,20422,20568
3984,2026-01-04T15:25:49+00:00,defeat,20336,20820
3985,2026-01-04T15:42:07+00:00,defeat,20233,20471
3986,2026-01-04T15:58:08+00:00,victory,20317,20159
3987,2026-01-04T18:07:44+00:00,defeat,20216,20489
3988,2026-01-04T18:16:55+00:00,victory,20306,20327
3989,2026-01-04T18:28:01+00:00,victory,20394,20283
3990,2026-01-04T18:47:25+00:00,defeat,20267,19909
3991,2026-01-05T13:12:48+00:00,victory,20367,20583
3992,2026-01-05T13:29:09+00:00,victory,20464,20657
3993,2026-01-05T13:38:16+00:00,victory,20529,20014
3994,2026-01-05T13:57:57+00:00,defeat,20442,19811
3995,2026-01-05T14:08:33+00:00,victory,20507,19862
3996,2026-01-05T14:20:11+00:00,victory,20559,19925
3997,2026-01-05T14:31:57+00:00,defeat_by_dq,20491,20506
3998,2026-01-05T20:05:42+00:00,defeat_by_dq,20416,20273
3999,2026-01-05T20:14:54+00:00,defeat_by_dq,20326,20648
4000,2026-01-05T20:24:25+00:00,defeat,20205,20012
4001,2026-01-05T20:35:20+00:00,victory,20301,20359
4002,2026-01-05T20:44:03+00:00,victory,20391,20378
4003,2026-01-05T20:54:03+00:00,defeat,20326,21312
4004,2026-01-06T18:23:01+00:00,victory,20411,20238
4005,2026-01-06T18:39:19+00:00,victory,20463,19321
4006,2026-01-06T18:51:31+00:00,victory,20534,20170
4007,2026-01-06T18:58:09+00:00,defeat,20472,20795
4008,2026-01-07T16:04:50+00:00,victory,20527,19965
4009,2026-01-07T16:21:48+00:00,victory,20585,20230
4010,2026-01-07T16:39:00+00:00,defeat,20531,21063
4011,2026-01-07T16:55:10+00:00,victory,20584,20005
4012,2026-01-07T17:09:04+00:00,defeat,20515,20565
4013,2026-01-07T20:30:06+00:00,victory,20565,19849
4014,2026-01-07T20:42:50+00:00,victory,20616,20004
4015,2026-01-07T21:04:21+00:00,defeat,20546,20537
4016,2026-01-07T21:20:44+00:00,victory,20616,20607
4017,2026-01-07T21:32:26+00:00,defeat,20542,20299
4018,2026-01-08T17:44:29+00:00,victory,20629,21132
4019,2026-01-08T18:57:02+00:00,defeat_by_dq,20573,20749
4020,2026-01-08T19:11:23+00:00,victory,20617,19650
4021,2026-01-08T19:29:37+00:00,defeat,20555,20842
4022,2026-01-08T19:46:27+00:00,victory,20610,20110
4023,2026-01-09T20:01:39+00:00,defeat,20548,20778
4024,2026-01-09T20:09:31+00:00,victory,20601,20068
4025,2026-01-09T20:22:05+00:00,victory,20666,20579
4026,2026-01-09T20:31:09+00:00,defeat,20607,20894
4027,2026-01-09T22:48:40+00:00,defeat,20539,20538
4028,2026-01-10T19:00:08+00:00,defeat,20501,21543
4029,2026-01-10T19:13:25+00:00,defeat,20437,20727
4030,2026-01-10T19:22:34+00:00,defeat,20309,19886
4031,2026-01-10T19:25:06+00:00,defeat_by_dq,20241,21209
4032,2026-01-10T19:35:34+00:00,victory,20313,19787
4033,2026-01-10T19:45:17+00:00,victory,20366,19984
4034,2026-01-11T17:04:50+00:00,victory,20464,20677
4035,2026-01-11T17:30:11+00:00,defeat,20398,21286
4036,2026-01-11T17:38:09+00:00,victory,20446,19082
4037,2026-01-11T17:47:43+00:00,defeat,20354,20803
4038,2026-01-11T17:59:08+00:00,defeat,20221,19792
4039,2026-01-11T18:19:29+00:00,victory,20339,20940
4040,2026-01-12T17:11:14+00:00,defeat,20232,20450
4041,2026-01-12T17:22:17+00:00,victory,20331,20482
4042,2026-01-12T17:41:51+00:00,defeat,20229,20552
4043,2026-01-12T17:53:25+00:00,defeat,20068,18924
4044,2026-01-12T18:07:34+00:00,defeat,19966,20445
4045,2026-01-13T17:50:45+00:00,victory,20058,20360
4046,2026-01-13T18:06:13+00:00,victory,20153,20066
4047,2026-01-13T18:16:28+00:00,victory,20222,19492
4048,2026-01-13T18:23:39+00:00,defeat,20079,19450
4049,2026-01-13T18:37:54+00:00,victory,20162,19854
4050,2026-01-13T18:50:02+00:00,defeat,20053,20244
4051,2026-01-15T17:52:24+00:00,victory,20140,19837
4052,2026-01-15T17:59:34+00:00,defeat,20063,20853
4053,2026-01-15T18:07:17+00:00,victory,20139,19581
4054,2026-01-15T18:17:19+00:00,defeat,20046,20599
4055,2026-01-15T18:24:17+00:00,victory,20124,19642
4056,2026-01-15T18:30:28+00:00,defeat,20001,19911
4057,2026-01-17T17:59:06+00:00,victory,20076,19524
4058,2026-01-17T18:07:40+00:00,victory,20158,19791
4059,2026-01-17T18:15:29+00:00,defeat,20023,19654
4060,2026-01-17T18:25:21+00:00,victory,20107,19783
4061,2026-01-17T18:32:25+00:00,victory,20191,19860
4062,2026-01-23T17:27:01+00:00,victory,20289,20395
4063,2026-01-23T17:37:02+00:00,victory,20367,19995
4064,2026-01-23T17:49:22+00:00,victory,20464,20654
4065,2026-01-23T17:56:21+00:00,victory,20517,19461
4066,2026-01-23T18:15:34+00:00,defeat,20432,19901
4067,2026-01-23T18:29:08+00:00,victory,20489,19571
4068,2026-01-25T18:42:27+00:00,defeat,20395,20748
4069,2026-01-25T18:56:32+00:00,defeat,20307,20865
4070,2026-01-25T19:00:29+00:00,defeat_by_dq,20226,20913
4071,2026-01-25T19:11:54+00:00,victory,20287,19327
4072,2026-01-25T19:31:37+00:00,victory,20362,19933
4073,2026-01-25T19:40:56+00:00,defeat,20229,19840
4074,2026-01-25T19:50:44+00:00,defeat,20152,20999
4075,2026-01-25T19:58:34+00:00,victory,20223,19580
4076,2026-01-25T20:11:14+00:00,defeat,20128,20586
4077,2026-01-29T16:39:18+00:00,victory,20202,19640
4078,2026-01-29T16:52:01+00:00,victory,20280,19885
4079,2026-01-29T17:07:41+00:00,victory,20353,19884
4080,2026-01-29T17:22:29+00:00,defeat,20242,20204
4081,2026-01-29T17:33:44+00:00,victory,20319,19875
4082,2026-01-29T17:50:00+00:00,victory,20413,20489
4083,2026-01-30T15:35:10+00:00,defeat,20284,19859
4084,2026-01-30T15:46:19+00:00,victory,20355,19802
4085,2026-01-30T15:56:28+00:00,defeat,20234,20119
4086,2026-01-30T16:05:13+00:00,victory,20324,20398
4087,2026-02-05T17:56:57+00:00,victory,20387,19609
4088,2026-02-05T18:12:42+00:00,victory,20496,21011
4089,2026-02-05T18:27:24+00:00,defeat,20432,20656
4090,2026-02-05T18:37:09+00:00,defeat,20317,20140
4091,2026-02-05T18:47:18+00:00,victory,20377,19446
4092,2026-02-05T18:57:46+00:00,defeat,20262,20275
4093,2026-02-07T16:52:14+00:00,defeat,20153,20250
4094,2026-02-07T17:00:03+00:00,defeat,20034,19946
4095,2026-02-07T17:09:41+00:00,victory,20102,19271
4096,2026-02-07T17:20:54+00:00,victory,20174,19507
4097,2026-02-07T17:38:03+00:00,victory,20264,20184
4098,2026-02-07T17:57:02+00:00,defeat,20164,20475
4099,2026-02-08T18:16:45+00:00,victory,20239,19774
4100,2026-02-08T18:35:30+00:00,defeat_by_dq,20152,20734
4101,2026-02-08T18:44:57+00:00,defeat_by_dq,20019,19679
4102,2026-02-08T19:00:07+00:00,defeat,19887,19640
4103,2026-02-08T19:11:09+00:00,victory,19973,20064
4104,2026-02-08T19:21:43+00:00,defeat,19886,19667
4105,2026-02-08T19:27:35+00:00,victory,19945,19096
4106,2026-02-10T18:52:38+00:00,victory,19993,18656
4107,2026-02-10T19:01:58+00:00,defeat,19917,20138
4108,2026-02-10T19:13:10+00:00,victory,19977,19196
4109,2026-02-10T19:28:56+00:00,victory,20061,20143
4110,2026-02-10T19:35:09+00:00,victory,20130,19344
4111,2026-02-10T19:42:43+00:00,defeat,20000,19834
4112,2026-02-10T19:52:52+00:00,victory,20073,19888
4113,2026-02-10T20:01:39+00:00,victory,20149,19626
4114,2026-02-11T16:11:11+00:00,defeat,20021,19877
4115,2026-02-11T16:22:48+00:00,defeat,19925,20519
4116,2026-02-11T16:31:12+00:00,victory,19981,19045
4117,2026-02-11T16:41:11+00:00,defeat,19908,20215
4118,2026-02-13T21:05:46+00:00,victory,20001,20336
4119,2026-02-13T21:17:17+00:00,defeat,19879,19973
4120,2026-02-13T21:29:15+00:00,victory,19936,19007
4121,2026-02-13T21:40:59+00:00,defeat,19882,20797
4122,2026-02-14T18:34:15+00:00,victory,19979,20413
4123,2026-02-14T18:44:23+00:00,victory,20058,20080
4124,2026-02-14T18:56:02+00:00,defeat,19968,20672
4125,2026-02-14T19:03:45+00:00,victory,20011,18427
4126,2026-02-14T19:11:19+00:00,victory,20101,19940
4127,2026-02-14T19:20:02+00:00,defeat,19993,20238
4128,2026-02-14T19:25:59+00:00,victory,20071,20084
4129,2026-02-15T16:44:31+00:00,defeat,19951,20041
4130,2026-02-15T16:54:59+00:00,victory,20051,20611
4131,2026-02-15T17:06:35+00:00,victory,20120,19339
4132,2026-02-15T17:11:43+00:00,victory,20200,19845
4133,2026-02-15T17:18:01+00:00,victory,20296,20377
4134,2026-02-15T17:26:59+00:00,defeat,20181,20134
4135,2026-02-15T17:38:39+00:00,defeat,20090,20583
4136,2026-02-15T17:47:28+00:00,defeat,19960,19732
4137,2026-02-15T17:55:56+00:00,defeat_by_dq,19876,19841
4138,2026-02-15T18:04:43+00:00,victory,19955,19907
4139,2026-02-15T18:18:05+00:00,defeat,19892,20482
4140,2026-02-16T21:24:47+00:00,victory,19964,19660
4141,2026-02-16T21:41:45+00:00,defeat,19882,19853
4142,2026-02-16T21:52:27+00:00,defeat,19808,20122
4143,2026-02-16T22:06:06+00:00,victory,19893,19995
4144,2026-02-16T22:20:22+00:00,victory,19954,19313
4145,2026-02-16T22:28:07+00:00,victory,20018,19453
4146,2026-02-17T19:13:17+00:00,defeat_by_dq,19888,19698
4147,2026-02-17T19:21:40+00:00,defeat_by_dq,19829,20476
4148,2026-02-17T19:34:16+00:00,victory,19911,19833
4149,2026-02-17T19:41:10+00:00,victory,19976,19310
4150,2026-02-17T19:54:32+00:00,victory,20034,19245
4151,2026-02-17T20:05:00+00:00,defeat,19909,19809
4152,2026-02-17T20:18:35+00:00,victory,19984,19636
4153,2026-02-17T20:29:51+00:00,victory,20069,20202
4154,2026-02-19T15:59:30+00:00,defeat,19953,20115
4155,2026-02-19T16:06:42+00:00,victory,20028,19777
4156,2026-02-19T16:13:16+00:00,victory,20113,19873
4157,2026-02-19T16:20:23+00:00,victory,20191,19771
4158,2026-02-19T16:26:28+00:00,victory,20270,19946
4159,2026-02-19T16:42:20+00:00,victory,20372,20657
4160,2026-02-19T16:55:38+00:00,victory,20460,20542
4161,2026-02-19T21:45:02+00:00,victory,20525,20401
4162,2026-02-19T22:03:02+00:00,victory,20562,19202
4163,2026-02-19T22:19:11+00:00,defeat,20507,21006
4164,2026-02-19T22:29:53+00:00,defeat,20436,20487
4165,2026-02-22T20:55:46+00:00,defeat,20329,20352
4166,2026-02-22T21:05:00+00:00,victory,20393,19641
4167,2026-02-22T21:15:04+00:00,victory,20460,19903
4168,2026-02-22T21:26:53+00:00,defeat,20372,20852
4169,2026-02-22T21:42:54+00:00,defeat_by_dq,20289,20902
4170,2026-02-23T15:19:01+00:00,defeat,20209,20959
4171,2026-02-23T15:31:30+00:00,defeat,20095,20096
4172,2026-02-23T15:40:03+00:00,victory,20138,18268
4173,2026-02-26T18:43:56+00:00,victory,20196,19014
4174,2026-02-26T18:54:59+00:00,victory,20278,19938
4175,2026-02-26T19:05:02+00:00,victory,20350,19823
4176,2026-02-26T19:17:36+00:00,victory,20408,19444
4177,2026-02-26T19:25:46+00:00,defeat_by_dq,20302,20399
4178,2026-02-26T19:33:36+00:00,defeat,20159,19440
4179,2026-02-27T17:13:45+00:00,victory,20270,20715
4180,2026-02-27T17:29:16+00:00,defeat,20152,20062
4181,2026-02-27T17:39:31+00:00,victory,20232,19881
4182,2026-02-27T17:46:10+00:00,victory,20312,20088
4183,2026-02-27T17:54:47+00:00,defeat,20216,20647
4184,2026-02-27T18:06:42+00:00,defeat,20160,21446
4185,2026-02-27T18:19:50+00:00,victory,20232,19617
4186,2026-03-03T16:24:52+00:00,victory,20311,20024
4187,2026-03-03T16:35:03+00:00,victory,20374,19571
4188,2026-03-03T16:46:50+00:00,defeat,20317,21482
4189,2026-03-03T17:05:52+00:00,defeat,20202,20219
4190,2026-03-03T17:19:58+00:00,defeat,20058,19423
4191,2026-03-03T17:30:42+00:00,victory,20134,19574
4192,2026-03-03T17:42:43+00:00,victory,20222,20131
4193,2026-03-03T17:51:35+00:00,victory,20296,19779
4194,2026-03-03T20:45:33+00:00,defeat,20205,20700
4195,2026-03-03T21:00:45+00:00,defeat,20082,19991
4196,2026-03-03T21:12:28+00:00,defeat,20000,20869
4197,2026-03-03T21:25:13+00:00,defeat,19843,19006
4198,2026-03-03T21:32:39+00:00,victory,19922,19814
4199,2026-03-04T18:08:38+00:00,victory,20001,19842
4200,2026-03-04T18:17:09+00:00,victory,20127,20831
4201,2026-03-04T18:23:38+00:00,victory,20194,19383
4202,2026-03-04T18:47:15+00:00,defeat,20081,20264
4203,2026-03-04T18:56:07+00:00,victory,20164,19780
4204,2026-03-04T19:10:16+00:00,defeat,20055,20237
4205,2026-03-04T19:19:18+00:00,defeat,19948,20325
4206,2026-03-05T17:32:27+00:00,victory,20008,19255
4207,2026-03-05T17:40:45+00:00,victory,20072,19058
4208,2026-03-05T17:48:00+00:00,defeat_by_dq,19947,19935
4209,2026-03-05T17:58:56+00:00,defeat,19858,19657
4210,2026-03-05T18:08:34+00:00,defeat_by_dq,19772,19662
4211,2026-03-05T18:19:08+00:00,victory,19855,19835
4212,2026-03-05T18:32:33+00:00,defeat_by_dq,19766,19562
4213,2026-03-08T20:08:30+00:00,victory,19853,19987
4214,2026-03-08T20:17:09+00:00,victory,19970,20970
4215,2026-03-08T20:23:50+00:00,victory,20035,19535
4216,2026-03-08T20:30:11+00:00,victory,20122,19804
4217,2026-03-08T20:39:13+00:00,defeat_by_dq,20001,19963
4218,2026-03-08T20:47:10+00:00,victory,20100,20137
4219,2026-03-08T20:59:03+00:00,defeat_by_dq,19984,20135
4220,2026-03-08T21:11:43+00:00,victory,20050,19586
4221,2026-03-08T21:18:15+00:00,victory,20133,19810
4222,2026-03-10T16:07:49+00:00,victory,20206,19647
4223,2026-03-10T16:13:43+00:00,defeat,20089,20138
4224,2026-03-10T16:29:18+00:00,defeat,19996,20570
4225,2026-03-10T16:35:25+00:00,victory,20062,19588
4226,2026-03-10T16:42:44+00:00,defeat_by_dq,19949,20090
4227,2026-03-10T16:53:01+00:00,defeat_by_dq,19870,19914
4228,2026-03-10T17:03:21+00:00,defeat,19790,19854
4229,2026-03-10T17:13:28+00:00,victory,19861,19476
4230,2026-03-12T14:54:50+00:00,defeat_by_dq,19785,19988
4231,2026-03-12T15:00:23+00:00,victory,19859,19551
4232,2026-03-12T15:11:38+00:00,victory,19926,19398
4233,2026-03-12T15:22:05+00:00,defeat_by_dq,19832,19394
4234,2026-03-12T15:44:26+00:00,victory,19895,19186
4235,2026-03-12T15:59:05+00:00,victory,19981,20072
4236,2026-03-12T16:08:21+00:00,defeat,19892,19589
4237,2026-03-12T16:21:11+00:00,victory,19994,20584
4238,2026-03-13T15:42:51+00:00,victory,20067,19892
4239,2026-03-13T15:53:43+00:00,victory,20152,19918
4240,2026-03-13T16:02:49+00:00,victory,20246,20278
4241,2026-03-13T16:19:35+00:00,victory,20344,20539
4242,2026-03-15T18:45:34+00:00,victory,20402,19459
4243,2026-03-15T18:52:05+00:00,victory_by_dq,20488,20449
4244,2026-03-15T19:00:37+00:00,defeat,20433,20977
4245,2026-03-15T19:09:25+00:00,victory,20500,20002
4246,2026-03-15T19:17:34+00:00,victory_by_dq,20571,20582
4247,2026-03-20T17:19:47+00:00,victory,20622,20025
4248,2026-03-20T17:30:20+00:00,defeat_by_dq,20561,20829
4249,2026-03-20T17:46:27+00:00,defeat_by_dq,20490,20245
4250,2026-03-20T17:58:22+00:00,victory,20538,19482
4251,2026-03-22T16:49:17+00:00,victory,20586,19800
4252,2026-03-22T16:57:10+00:00,defeat,20529,20955
4253,2026-03-22T17:06:11+00:00,victory,20582,19976
4254,2026-03-22T17:24:39+00:00,victory,20630,19905
4255,2026-03-22T17:38:41+00:00,defeat,20574,20180
4256,2026-03-22T17:46:48+00:00,defeat_by_dq,20506,20604
4257,2026-03-26T16:41:54+00:00,victory,20572,20456
4258,2026-03-26T16:58:31+00:00,victory,20649,20943
4259,2026-03-26T17:13:42+00:00,defeat_by_dq,20586,20748
4260,2026-03-27T17:30:40+00:00,defeat,20522,20503
4261,2026-03-27T17:40:50+00:00,defeat_by_dq,20457,20614
4262,2026-03-27T17:56:10+00:00,victory,20543,20505
4263,2026-03-27T18:17:57+00:00,defeat_by_dq,20469,20273
4264,2026-03-29T17:28:28+00:00,defeat,20393,20148
4265,2026-03-29T17:34:18+00:00,nullified,20318,21114
4266,2026-04-03T16:33:45+00:00,victory,20480,20466
4267,2026-04-03T16:51:40+00:00,victory_by_dq,20552,20544
4268,2026-04-03T17:03:52+00:00,victory,20624,20681
4269,2026-04-03T17:19:56+00:00,defeat,20548,20162
4270,2026-04-03T17:34:00+00:00,defeat,20491,20932
4271,2026-04-05T15:17:16+00:00,nullified,20412,20074
4272,2026-04-05T15:23:10+00:00,nullified,20346,20470
4273,2026-04-05T15:35:14+00:00,victory,20411,19734
4274,2026-04-05T15:51:31+00:00,victory,20482,20512
4275,2026-04-05T16:05:31+00:00,defeat,20415,20520
4276,2026-04-07T15:57:50+00:00,defeat,20347,20541
4277,2026-04-07T16:09:57+00:00,victory,20447,20808
4278,2026-04-07T16:18:39+00:00,victory,20496,19682
4279,2026-04-07T16:29:05+00:00,nullified,20428,20567
4280,2026-04-07T16:42:29+00:00,victory,20508,20774
4281,2026-04-07T16:54:59+00:00,nullified,20434,20266
4282,2026-04-09T15:46:10+00:00,defeat,20366,20528
4283,2026-04-09T15:57:35+00:00,victory,20448,20734
4284,2026-04-09T16:31:58+00:00,defeat,20386,20720
4285,2026-04-09T16:43:40+00:00,victory,20440,19817
4286,2026-04-09T16:58:07+00:00,nullified,20374,20599
4287,2026-04-10T16:03:55+00:00,victory,20765,20205
4288,2026-04-10T16:11:14+00:00,defeat_by_dq,20702,20813
4289,2026-04-10T16:23:40+00:00,defeat,20660,21468
4290,2026-04-10T16:35:58+00:00,defeat_by_dq,20602,20948
4291,2026-04-10T16:49:44+00:00,defeat_by_dq,20539,20579
4292,2026-04-10T17:02:14+00:00,defeat_by_dq,20487,21096
4293,2026-04-12T16:59:01+00:00,defeat_by_dq,20418,20509
4294,2026-04-12T17:09:17+00:00,defeat_by_dq,20343,20190
4295,2026-04-12T17:20:32+00:00,defeat_by_dq,20241,20514
4296,2026-04-12T17:30:46+00:00,victory,20338,20478
4297,2026-04-12T17:39:08+00:00,victory,20424,20344
4298,2026-04-12T17:52:18+00:00,defeat_by_dq,20360,20662
4299,2026-04-12T18:13:57+00:00,defeat_by_dq,20313,21181
4300,2026-04-12T18:27:03+00:00,defeat_by_dq,20177,19436
4301,2026-04-12T18:34:18+00:00,victory,20272,20317
4302,2026-04-12T18:45:10+00:00,victory,20356,20138
4303,2026-04-12T19:07:13+00:00,defeat_by_dq,20294,20638
4304,2026-04-12T19:21:34+00:00,defeat,20187,20388
4305,2026-04-16T19:02:18+00:00,victory_by_dq,20284,20413
4306,2026-04-16T19:14:07+00:00,defeat_by_dq,20199,20826
4307,2026-04-16T19:25:27+00:00,victory,20283,20042
4308,2026-04-16T19:38:19+00:00,defeat_by_dq,20183,20295
4309,2026-04-16T19:47:45+00:00,victory,20263,19960
4310,2026-04-16T19:57:43+00:00,defeat,20127,19603
4311,2026-04-16T20:10:22+00:00,defeat_by_dq,19993,19708
4312,2026-04-16T20:20:30+00:00,defeat,19921,20166
4313,2026-04-16T20:29:54+00:00,victory,19983,19332
4314,2026-04-17T16:28:48+00:00,victory,20046,19458
4315,2026-04-17T16:42:23+00:00,defeat_by_dq,19946,20445
4316,2026-04-17T16:57:17+00:00,defeat,19906,21207
4317,2026-04-17T17:07:17+00:00,victory,19968,19272
4318,2026-04-17T17:16:07+00:00,defeat_by_dq,19877,19486
4319,2026-04-19T16:39:11+00:00,defeat_by_dq,19811,20425
4320,2026-04-19T16:48:15+00:00,victory,19886,19621
4321,2026-04-19T16:58:41+00:00,victory,19956,19559
4322,2026-04-19T17:04:11+00:00,victory,20004,18729
4323,2026-04-19T17:14:38+00:00,victory,20091,19855
4324,2026-04-19T17:40:57+00:00,defeat_by_dq,19985,20333
4325,2026-04-21T14:58:27+00:00,defeat_by_dq,19905,20014
4326,2026-04-21T15:08:43+00:00,defeat_by_dq,19829,20106
4327,2026-04-21T15:18:15+00:00,victory,19908,19921
4328,2026-04-21T15:32:35+00:00,victory,19977,19563
4329,2026-04-21T15:57:21+00:00,victory,20072,20502
4330,2026-04-21T19:48:01+00:00,victory,20149,19601
4331,2026-04-21T19:56:16+00:00,victory,20231,19969
4332,2026-04-21T20:04:55+00:00,victory,20321,20246
4333,2026-04-21T20:25:43+00:00,defeat_by_dq,20251,20439
4334,2026-04-21T20:37:29+00:00,defeat_by_dq,20164,20808
4335,2026-04-21T20:48:42+00:00,defeat_by_dq,20049,20178
4336,2026-04-21T20:56:19+00:00,victory,20145,20266
4337,2026-04-23T16:15:04+00:00,defeat,20058,20760
4338,2026-04-23T16:23:12+00:00,defeat_by_dq,19931,19660
4339,2026-04-23T16:32:59+00:00,defeat_by_dq,19833,19156
4340,2026-04-23T16:43:43+00:00,victory,19910,19668
4341,2026-04-23T16:53:17+00:00,defeat_by_dq,19826,19810
4342,2026-04-23T17:02:35+00:00,victory,19899,19611
4343,2026-04-24T15:02:00+00:00,victory,19997,20482
4344,2026-04-24T15:11:40+00:00,victory,20070,19886
4345,2026-04-24T15:21:54+00:00,defeat,19939,19680
4346,2026-04-24T15:34:33+00:00,defeat_by_dq,19880,20633
4347,2026-04-24T15:49:30+00:00,victory,19967,20239
4348,2026-04-24T15:59:55+00:00,victory,20041,19908
4349,2026-04-24T16:25:41+00:00,victory,20136,20100
4350,2026-04-24T16:32:37+00:00,victory,20203,19443
4351,2026-04-24T16:46:39+00:00,victory,20311,20716
4352,2026-04-24T17:01:49+00:00,victory,20363,19556
4353,2026-04-24T17:12:52+00:00,defeat,20299,20653
4354,2026-04-26T17:08:53+00:00,defeat_by_dq,20237,20684
4355,2026-04-26T17:14:40+00:00,no_contest,20237,21466
4356,2026-04-26T17:29:04+00:00,victory,20345,20784
4357,2026-04-26T17:43:17+00:00,victory,20431,20835
4358,2026-04-26T17:50:06+00:00,defeat_by_dq,20373,20847
4359,2026-04-26T18:05:47+00:00,defeat,20309,20589
4360,2026-04-28T15:26:40+00:00,defeat_by_dq,20237,20363
4361,2026-04-28T15:40:26+00:00,victory,20331,20411
4362,2026-04-28T15:53:32+00:00,victory,20385,19676
4363,2026-04-28T16:02:26+00:00,victory,20446,20135
4364,2026-04-28T16:19:09+00:00,defeat_by_dq,20369,20137
4365,2026-04-28T16:32:23+00:00,victory,20436,20469
4366,2026-04-28T16:46:31+00:00,victory,20489,19856
4367,2026-04-28T16:59:39+00:00,defeat_by_dq,20422,20585
4368,2026-04-28T17:10:13+00:00,defeat_by_dq,20383,21491
4369,2026-04-30T17:23:11+00:00,defeat,20319,20659
4370,2026-04-30T17:33:13+00:00,victory,20397,20480
4371,2026-04-30T17:48:28+00:00,victory,20454,19888
4372,2026-04-30T18:03:55+00:00,defeat_by_dq,20396,20879
4373,2026-04-30T18:25:28+00:00,defeat,20349,21187
4374,2026-04-30T18:43:55+00:00,defeat_by_dq,20306,21304
4375,2026-05-01T17:19:29+00:00,victory,20396,20883
4376,2026-05-01T17:36:47+00:00,victory,20480,20785
4377,2026-05-01T17:46:54+00:00,defeat,20426,21028
4378,2026-05-01T18:03:26+00:00,victory,20472,19411
4379,2026-05-01T18:16:45+00:00,victory,20554,20878
4380,2026-05-01T18:31:53+00:00,defeat_by_dq,20470,20040
4381,2026-05-01T18:42:54+00:00,defeat_by_dq,20406,20679
4382,2026-05-02T16:41:45+00:00,victory,20481,20559
4383,2026-05-02T16:55:24+00:00,defeat,20414,20607
4384,2026-05-02T17:14:03+00:00,defeat,20334,20078
4385,2026-05-02T17:27:41+00:00,victory,20389,19678
4386,2026-05-02T17:49:39+00:00,defeat_by_dq,20331,20862
4387,2026-05-03T16:34:41+00:00,defeat_by_dq,20277,20941
4388,2026-05-03T16:47:10+00:00,defeat_by_dq,20181,20634
4389,2026-05-03T16:56:40+00:00,victory,20274,20274
4390,2026-05-03T17:13:54+00:00,defeat_by_dq,20174,20533
4391,2026-05-03T17:23:30+00:00,victory,20242,19336
4392,2026-05-03T17:40:24+00:00,defeat_by_dq,20147,20625
4393,2026-05-03T18:00:40+00:00,defeat_by_dq,20080,21185
4394,2026-05-03T18:12:42+00:00,victory,20184,20389
4395,2026-05-03T18:21:52+00:00,victory,20263,19833
4396,2026-05-04T18:10:19+00:00,victory,20326,19420
4397,2026-05-04T18:20:55+00:00,defeat,20253,20349
4398,2026-05-04T18:33:08+00:00,defeat,20113,19618
4399,2026-05-04T18:45:11+00:00,victory,20161,18456
4400,2026-05-04T18:54:55+00:00,defeat_by_dq,20033,19917
4401,2026-05-04T19:04:26+00:00,defeat_by_dq,19923,20249
4402,2026-05-04T19:15:54+00:00,victory,20006,19977
4403,2026-05-04T19:24:13+00:00,victory,20099,19936
4404,2026-05-05T18:21:14+00:00,victory,20183,19845
4405,2026-05-05T18:31:43+00:00,defeat_by_dq,20084,20554
4406,2026-05-05T18:38:12+00:00,victory,20153,19312
4407,2026-05-05T18:44:24+00:00,victory,20211,19012
4408,2026-05-05T18:53:31+00:00,victory,20303,20279
4409,2026-05-05T19:04:43+00:00,victory_by_dq,20378,19905
4410,2026-05-05T19:13:50+00:00,no_contest,20378,20644
4411,2026-05-06T16:22:00+00:00,defeat,20302,20288
4412,2026-05-06T16:37:41+00:00,victory,20397,20475
4413,2026-05-06T16:53:17+00:00,victory,20460,20090
4414,2026-05-06T17:10:28+00:00,defeat_by_dq,20395,20659
4415,2026-05-06T17:28:00+00:00,victory,20469,20516
4416,2026-05-06T17:41:28+00:00,defeat,20387,20049
4417,2026-05-06T17:52:45+00:00,defeat_by_dq,20332,20925
4418,2026-05-06T18:06:00+00:00,victory,20379,19182
4419,2026-05-06T18:19:41+00:00,victory,20461,20739
4420,2026-05-06T18:34:56+00:00,defeat,20392,20536
4421,2026-05-07T19:15:00+00:00,defeat_by_dq,20319,20348
4422,2026-05-07T19:25:45+00:00,victory,20379,19870
4423,2026-05-08T16:55:37+00:00,victory,20431,19595
4424,2026-05-08T17:10:08+00:00,victory,20497,20268
4425,2026-05-08T17:17:57+00:00,defeat,20413,20001
4426,2026-05-08T17:28:18+00:00,defeat_by_dq,20367,20957
4427,2026-05-08T17:34:33+00:00,defeat_by_dq,20309,20797
4428,2026-05-08T17:42:46+00:00,defeat_by_dq,20248,20718
4429,2026-05-08T17:53:31+00:00,victory,20333,20158
4430,2026-05-08T18:04:53+00:00,victory,20399,20096
4431,2026-05-09T16:31:12+00:00,victory,20457,19877
4432,2026-05-09T16:57:55+00:00,victory,20524,20372
4433,2026-05-10T16:20:03+00:00,defeat_by_dq,20480,21342
4434,2026-05-10T16:27:51+00:00,defeat_by_dq,20405,20204
4435,2026-05-10T16:38:02+00:00,victory,20466,20059
4436,2026-05-10T16:53:37+00:00,victory,20554,21029
4437,2026-05-10T17:09:17+00:00,defeat_by_dq,20469,19866
4438,2026-05-10T17:20:42+00:00,victory,20544,20651
4439,2026-05-10T17:37:51+00:00,defeat_by_dq,20468,20303
4440,2026-05-10T17:51:09+00:00,defeat_by_dq,20380,19865
4441,2026-05-11T18:08:19+00:00,no_contest,20380,21144
4442,2026-05-11T18:22:28+00:00,victory,20452,20396
4443,2026-05-11T18:36:20+00:00,defeat_by_dq,20412,21427
4444,2026-05-11T18:49:42+00:00,victory,20470,19948
4445,2026-05-11T19:00:52+00:00,defeat,20405,20663
4446,2026-05-12T16:54:09+00:00,victory,20464,19872
4447,2026-05-12T17:01:24+00:00,defeat_by_dq,20413,21134
4448,2026-05-12T17:19:02+00:00,victory,20455,19182
4449,2026-05-12T17:32:02+00:00,victory,20542,20978
4450,2026-05-12T17:50:22+00:00,defeat,20450,19722
4451,2026-05-12T18:05:32+00:00,victory,20507,19858
4452,2026-05-12T18:30:53+00:00,defeat_by_dq,20417,19798
4453,2026-05-12T18:44:45+00:00,victory,20492,20540
4454,2026-05-12T19:07:52+00:00,defeat_by_dq,20414,19950
4455,2026-05-14T16:35:54+00:00,defeat_by_dq,20354,20817
4456,2026-05-14T16:57:13+00:00,victory,20423,20227
4457,2026-05-14T17:06:49+00:00,victory,20509,20903
4458,2026-05-14T17:17:41+00:00,victory,20594,21028
4459,2026-05-14T17:32:16+00:00,defeat_by_dq,20518,20343
4460,2026-05-14T17:58:50+00:00,defeat_by_dq,20457,20808
4461,2026-05-14T18:11:21+00:00,victory,20508,19681
4462,2026-05-14T18:23:22+00:00,victory,20570,20237
4463,2026-05-14T18:37:39+00:00,victory,20624,20051
4464,2026-05-14T18:46:42+00:00,defeat_by_dq,20593,21835
4465,2026-05-15T16:43:30+00:00,victory,20679,21160
4466,2026-05-15T17:02:57+00:00,victory,20734,20270
4467,2026-05-15T17:16:13+00:00,victory,20818,21354
4468,2026-05-15T17:33:00+00:00,defeat,20767,21254
4469,2026-05-15T17:54:32+00:00,defeat_by_dq,20685,20108
4470,2026-05-15T18:11:04+00:00,victory,20741,20286
4471,2026-05-15T18:30:59+00:00,defeat,20683,21004
4472,2026-05-15T18:45:49+00:00,victory,20738,20285
4473,2026-05-15T18:54:21+00:00,victory,20795,20434
4474,2026-05-16T17:47:17+00:00,victory,20840,19973
4475,2026-05-16T17:58:32+00:00,defeat_by_dq,20780,20968
4476,2026-05-16T18:11:59+00:00,victory,20835,20451
4477,2026-05-16T18:35:51+00:00,victory,20895,20696
4478,2026-05-16T18:54:19+00:00,defeat_by_dq,20845,21320
4479,2026-05-16T19:09:01+00:00,defeat_by_dq,20769,20395
4480,2026-05-16T19:20:44+00:00,defeat_by_dq,20704,20789
4481,2026-05-17T16:05:30+00:00,defeat_by_dq,20613,19733
4482,2026-05-17T16:15:19+00:00,defeat_by_dq,20540,20473
4483,2026-05-17T16:29:06+00:00,defeat_by_dq,20488,21110
4484,2026-05-17T16:45:14+00:00,victory,20545,20019
4485,2026-05-17T16:58:03+00:00,victory,20590,19592
4486,2026-05-17T17:12:47+00:00,victory,20644,20037
4487,2026-05-17T17:23:11+00:00,victory,20707,20474
4488,2026-05-18T16:09:11+00:00,defeat_by_dq,20657,21256
4489,2026-05-18T16:25:34+00:00,defeat_by_dq,20576,20104
4490,2026-05-18T16:41:33+00:00,defeat_by_dq,20521,20983
4491,2026-05-18T16:53:44+00:00,victory,20597,20732
4492,2026-05-18T17:11:49+00:00,defeat_by_dq,20528,20587
4493,2026-05-19T15:34:42+00:00,victory,20593,20382
4494,2026-05-19T15:57:50+00:00,victory,20645,20004
4495,2026-05-19T16:13:34+00:00,victory,20703,20338
4496,2026-05-19T16:21:00+00:00,defeat_by_dq,20656,21326
4497,2026-05-19T16:36:20+00:00,defeat_by_dq,20586,20549
4498,2026-05-19T16:53:47+00:00,defeat_by_dq,20506,20106
4499,2026-05-20T17:35:54+00:00,defeat_by_dq,20428,20208
4500,2026-05-20T17:56:03+00:00,defeat,20354,20360
4501,2026-05-20T18:06:34+00:00,defeat_by_dq,20313,21377
4502,2026-05-20T18:20:10+00:00,defeat,20232,20050
4503,2026-05-20T18:36:20+00:00,victory,20296,19833
4504,2026-05-20T18:50:59+00:00,victory,20353,19704
4505,2026-05-21T14:17:16+00:00,defeat_by_dq,20279,20307
4506,2026-05-21T14:21:42+00:00,victory_by_dq,20349,20101
4507,2026-05-21T14:37:19+00:00,defeat,20298,21061
4508,2026-05-21T14:51:16+00:00,victory,20379,20519
4509,2026-05-21T15:10:10+00:00,victory,20454,20498
4510,2026-05-21T15:27:38+00:00,defeat,20395,20862
4511,2026-05-21T15:45:05+00:00,defeat,20299,19477
4512,2026-05-21T15:53:08+00:00,victory_by_dq,20354,19593
4513,2026-05-21T16:11:20+00:00,defeat_by_dq,20272,19997
4514,2026-05-21T22:22:38+00:00,defeat_by_dq,20205,20548
4515,2026-05-21T22:36:10+00:00,defeat_by_dq,20151,20887
4516,2026-05-21T22:47:01+00:00,defeat,20024,19727
4517,2026-05-22T15:58:58+00:00,victory,20116,19963
4518,2026-05-22T16:09:39+00:00,defeat_by_dq,19992,19963
4519,2026-05-22T16:18:14+00:00,victory,20066,19845
4520,2026-05-22T16:27:35+00:00,victory,20162,20158
4521,2026-05-22T16:36:50+00:00,victory,20245,19949
4522,2026-05-22T16:52:48+00:00,victory,20305,19703
4523,2026-05-22T17:08:10+00:00,defeat_by_dq,20221,19937
4524,2026-05-22T17:22:10+00:00,victory,20281,19645
4525,2026-05-22T17:31:32+00:00,defeat_by_dq,20206,20239
4526,2026-05-22T17:48:12+00:00,defeat,20122,19936
4527,2026-05-22T18:03:06+00:00,victory,20196,19573
4528,2026-05-23T14:43:14+00:00,defeat_by_dq,20113,19969
4529,2026-05-23T14:52:17+00:00,victory,20201,19996
4530,2026-05-23T15:07:49+00:00,defeat,20134,20438
4531,2026-05-23T15:22:13+00:00,victory,20214,19793
4532,2026-05-23T15:51:03+00:00,victory,20285,20134
4533,2026-05-23T16:04:51+00:00,defeat,20209,20208
4534,2026-05-23T17:19:08+00:00,defeat_by_dq,20161,21093
4535,2026-05-23T17:28:40+00:00,defeat_by_dq,20087,21011
4536,2026-05-23T17:43:48+00:00,victory,20201,20672
4537,2026-05-24T16:30:56+00:00,victory,20273,20100
4538,2026-05-24T16:43:01+00:00,defeat,20209,20612
4539,2026-05-24T16:54:14+00:00,defeat_by_dq,20116,19602
4540,2026-05-24T17:01:58+00:00,victory,20195,19745
4541,2026-05-24T17:20:04+00:00,victory,20258,19754
4542,2026-05-24T17:37:01+00:00,victory,20345,20682
4543,2026-05-24T17:54:44+00:00,victory,20425,20627
4544,2026-05-24T19:24:48+00:00,defeat,20359,20601
4545,2026-05-25T15:27:03+00:00,victory,20432,20419
4546,2026-05-25T15:45:42+00:00,defeat_by_dq,20365,20564
4547,2026-05-25T16:00:21+00:00,victory,20441,20508
4548,2026-05-25T16:18:31+00:00,defeat_by_dq,20369,20403
4549,2026-05-25T16:32:51+00:00,defeat_by_dq,20321,21158
4550,2026-05-25T20:03:23+00:00,victory,20401,20585
4551,2026-05-25T20:18:51+00:00,victory,20452,19572
4552,2026-05-25T20:30:47+00:00,defeat_by_dq,20396,20929
4553,2026-05-25T20:43:24+00:00,victory,20480,20838
4554,2026-05-25T20:57:47+00:00,defeat_by_dq,20419,20799
4555,2026-05-27T14:37:37+00:00,defeat_by_dq,20352,20523
4556,2026-05-27T14:56:37+00:00,defeat_by_dq,20277,20281
4557,2026-05-27T15:10:05+00:00,defeat_by_dq,20209,20475
4558,2026-05-28T15:59:32+00:00,victory,20276,19936
4559,2026-05-28T16:14:34+00:00,victory,20344,20126
4560,2026-05-28T16:27:31+00:00,victory_by_dq,20416,20348
4561,2026-05-28T16:44:51+00:00,victory,20467,19644
4562,2026-05-28T16:57:14+00:00,victory,20518,19763
4563,2026-05-31T15:52:33+00:00,no_contest,20518,20461
4564,2026-05-31T16:09:31+00:00,victory,20582,20345
4565,2026-05-31T16:19:43+00:00,no_contest,20582,21136
4566,2026-05-31T16:34:33+00:00,victory,20642,20292
4567,2026-05-31T16:47:33+00:00,defeat_by_dq,20589,21091
4568,2026-05-31T17:04:09+00:00,victory,20653,20507
4569,2026-06-01T15:10:59+00:00,victory,20717,20567
4570,2026-06-01T15:28:34+00:00,defeat,20645,20497
4571,2026-06-01T15:48:35+00:00,victory,20709,20593
4572,2026-06-01T16:01:34+00:00,defeat_by_dq,20654,21045
4573,2026-06-01T16:15:32+00:00,victory,20718,20614
4574,2026-06-01T16:28:22+00:00,victory,20780,20634
4575,2026-06-01T17:51:39+00:00,victory,20844,20790
4576,2026-06-01T18:02:51+00:00,victory,20892,20346
4577,2026-06-01T18:18:24+00:00,victory,20955,20951
4578,2026-06-02T14:27:22+00:00,defeat_by_dq,20894,20944
4579,2026-06-02T14:36:16+00:00,victory,20943,20456
4580,2026-06-02T14:45:24+00:00,defeat_by_dq,20886,21048
4581,2026-06-02T14:58:52+00:00,defeat_by_dq,20820,20758
4582,2026-06-02T15:15:07+00:00,defeat_by_dq,20751,20634
4583,2026-06-03T15:05:58+00:00,defeat,20690,20748
4584,2026-06-03T15:24:21+00:00,victory,20740,20123
4585,2026-06-03T15:36:30+00:00,victory,20808,20893
4586,2026-06-03T15:49:53+00:00,defeat_by_dq,20733,20389
4587,2026-06-03T21:43:06+00:00,defeat_by_dq,20673,20898
4588,2026-06-03T21:54:24+00:00,defeat_by_dq,20611,20825
4589,2026-06-03T22:08:24+00:00,victory,20662,20009
4590,2026-06-04T16:24:59+00:00,defeat,20596,20651
4591,2026-06-04T16:33:02+00:00,victory,20677,21082
4592,2026-06-04T16:45:54+00:00,victory,20734,20375
4593,2026-06-05T15:27:40+00:00,defeat_by_dq,20671,20597
4594,2026-06-05T15:43:58+00:00,victory,20726,20275
4595,2026-06-05T16:03:56+00:00,defeat_by_dq,20686,21559
4596,2026-06-05T16:18:56+00:00,defeat,20640,21320
4597,2026-06-05T16:25:08+00:00,defeat_by_dq,20582,20936
4598,2026-06-05T16:39:05+00:00,victory,20640,20263
4599,2026-06-05T16:53:42+00:00,defeat,20580,20865
4600,2026-06-06T14:14:37+00:00,defeat,20527,21071
4601,2026-06-06T14:24:33+00:00,victory,20587,20209
4602,2026-06-06T14:37:49+00:00,victory,20648,20372
4603,2026-06-06T14:46:19+00:00,defeat_by_dq,20594,21076
4604,2026-06-06T14:56:16+00:00,victory,20668,20828
4605,2026-06-06T15:13:12+00:00,victory,20713,19862
4606,2026-06-06T15:22:18+00:00,victory,20758,19902
4607,2026-06-06T15:32:44+00:00,victory,20818,20622
4608,2026-06-06T15:45:43+00:00,defeat_by_dq,20757,20918
4609,2026-06-07T15:51:41+00:00,defeat_by_dq,20691,20698
4610,2026-06-07T16:05:53+00:00,victory,20760,20846
4611,2026-06-07T16:21:00+00:00,victory,20820,20603
4612,2026-06-07T16:35:31+00:00,defeat_by_dq,20756,20806
4613,2026-06-07T16:48:41+00:00,defeat_by_dq,20668,19862
4614,2026-06-08T14:39:02+00:00,defeat_by_dq,20593,20359
4615,2026-06-08T14:54:54+00:00,victory,20657,20487
4616,2026-06-08T15:06:34+00:00,defeat_by_dq,20623,21735
4617,2026-06-08T15:23:41+00:00,defeat_by_dq,20548,20358
4618,2026-06-08T15:30:11+00:00,victory,20623,20791
4619,2026-06-08T15:42:04+00:00,defeat_by_dq,20572,21165
4620,2026-06-09T15:29:52+00:00,victory,20625,19991
4621,2026-06-09T15:39:27+00:00,victory,20695,20758
4622,2026-06-09T15:58:15+00:00,defeat_by_dq,20605,19770
4623,2026-06-09T16:15:57+00:00,victory,20655,19922
4624,2026-06-11T13:43:19+00:00,victory,20712,20319
4625,2026-06-11T13:54:41+00:00,defeat_by_dq,20657,21022
4626,2026-06-11T14:07:12+00:00,victory,20722,20620
4627,2026-06-11T14:20:22+00:00,defeat_by_dq,20676,21333
4628,2026-06-11T14:34:42+00:00,defeat_by_dq,20608,20599
4629,2026-06-11T14:49:25+00:00,victory,20661,20087
4630,2026-06-11T15:05:58+00:00,victory,20726,20635
4631,2026-06-11T15:12:38+00:00,defeat_by_dq,20676,21241
4632,2026-06-11T18:48:56+00:00,victory,20724,19991
4633,2026-06-11T19:06:05+00:00,defeat_by_dq,20652,20497
4634,2026-06-12T16:11:37+00:00,victory,20710,20340
4635,2026-06-12T16:21:54+00:00,defeat_by_dq,20640,20547
4636,2026-06-12T16:42:48+00:00,victory,20711,20793
4637,2026-06-12T16:54:08+00:00,victory,20774,20677
4638,2026-06-12T17:05:56+00:00,defeat_by_dq,20714,20908
4639,2026-06-13T15:07:58+00:00,victory,20772,20442
4640,2026-06-13T15:21:41+00:00,defeat,20726,21354
4641,2026-06-13T15:35:26+00:00,defeat,20670,21031
4642,2026-06-13T16:02:10+00:00,defeat,20583,19821
4643,2026-06-13T16:19:54+00:00,victory,20636,20020
4644,2026-06-13T16:33:23+00:00,defeat,20582,21060
4645,2026-06-13T19:43:37+00:00,victory,20655,20784
4646,2026-06-13T19:57:23+00:00,victory,20717,20525
4647,2026-06-13T20:10:44+00:00,defeat,20636,20154
4648,2026-06-13T20:24:42+00:00,defeat_by_dq,20566,20474
4649,2026-06-13T20:32:49+00:00,victory,20612,19717
4650,2026-06-13T20:47:03+00:00,victory,20685,20820
4651,2026-06-13T20:57:42+00:00,defeat_by_dq,20618,20468
4652,2026-06-14T13:56:41+00:00,victory,20683,20575
4653,2026-06-14T14:06:24+00:00,victory,20754,20842
4654,2026-06-14T14:19:46+00:00,victory,20827,21058
4655,2026-06-14T14:36:58+00:00,defeat_by_dq,20764,20846
4656,2026-06-14T14:53:09+00:00,defeat_by_dq,20694,20592
4657,2026-06-15T17:09:34+00:00,victory,20757,20637
4658,2026-06-15T17:29:00+00:00,defeat_by_dq,20692,20720
4659,2026-06-15T17:48:00+00:00,defeat_by_dq,20614,20263
4660,2026-06-15T18:02:00+00:00,victory,20673,20331
4661,2026-06-15T18:17:09+00:00,defeat,20593,20158
4662,2026-06-15T18:49:52+00:00,victory,20651,20294
4663,2026-06-15T19:09:17+00:00,defeat_by_dq,20581,20526
4664,2026-06-16T15:55:23+00:00,defeat_by_dq,20542,21509
4665,2026-06-16T16:05:18+00:00,defeat_by_dq,20480,20779
4666,2026-06-16T16:16:17+00:00,defeat_by_dq,20413,20600
4667,2026-06-16T16:27:14+00:00,victory,20467,19746
4668,2026-06-16T16:44:31+00:00,victory,20530,20265
4669,2026-06-16T16:57:57+00:00,victory,20582,19881
4670,2026-06-16T17:11:30+00:00,defeat,20515,20624
4671,2026-06-17T15:20:23+00:00,victory,20584,20521
4672,2026-06-17T15:29:28+00:00,victory,20635,19961
4673,2026-06-17T15:42:15+00:00,victory,20704,20763
4674,2026-06-17T15:55:32+00:00,defeat_by_dq,20645,20911
4675,2026-06-17T16:09:17+00:00,defeat_by_dq,20560,19990
4676,2026-06-17T16:21:21+00:00,defeat_by_dq,20496,20693
4677,2026-06-18T13:40:11+00:00,victory,20574,20807
4678,2026-06-18T13:56:20+00:00,defeat_by_dq,20493,20150
4679,2026-06-18T14:11:53+00:00,victory,20564,20566
4680,2026-06-18T14:24:22+00:00,victory,20631,20561
4681,2026-06-18T14:29:33+00:00,no_contest,20631,20545
4682,2026-06-18T14:40:08+00:00,victory_by_dq,20689,20301
4683,2026-06-18T14:54:32+00:00,victory,20725,19426
4684,2026-06-19T15:23:53+00:00,defeat_by_dq,20640,19991
4685,2026-06-19T15:42:48+00:00,victory,20700,20413
4686,2026-06-19T15:55:56+00:00,victory,20743,19799
4687,2026-06-19T16:07:00+00:00,victory,20816,21023
4688,2026-06-19T16:26:02+00:00,defeat,20757,20982
4689,2026-06-19T16:45:57+00:00,victory,20793,19535
4690,2026-06-20T13:53:22+00:00,defeat_by_dq,20729,20830
4691,2026-06-20T14:12:51+00:00,victory,20807,21179
4692,2026-06-20T14:26:10+00:00,victory,20872,20863
4693,2026-06-20T14:36:38+00:00,defeat_by_dq,20835,21686
4694,2026-06-20T14:55:13+00:00,victory,20906,21106
4695,2026-06-20T15:10:53+00:00,defeat_by_dq,20852,21171
4696,2026-06-21T16:43:17+00:00,defeat_by_dq,20791,20958
4697,2026-06-21T16:54:39+00:00,defeat_by_dq,20709,20145
4698,2026-06-21T17:12:55+00:00,defeat_by_dq,20654,21046
4699,2026-06-21T17:20:20+00:00,victory,20702,19950
4700,2026-06-21T17:34:55+00:00,defeat_by_dq,20663,21567
4701,2026-06-22T14:48:41+00:00,defeat_by_dq,20574,19859
4702,2026-06-22T14:59:52+00:00,victory,20639,20488
4703,2026-06-22T15:12:21+00:00,defeat,20586,21056
4704,2026-06-22T15:24:08+00:00,defeat,20534,21134
4705,2026-06-22T15:31:55+00:00,nullified,20462,20044
4706,2026-06-22T15:42:14+00:00,victory,20520,19981
4707,2026-06-22T15:52:05+00:00,victory,20570,19785
4708,2026-06-22T16:01:27+00:00,defeat_by_dq,20532,21413
4709,2026-06-22T16:20:03+00:00,defeat_by_dq,20535,20622
4710,2026-06-22T16:41:00+00:00,defeat_by_dq,20451,19993
4711,2026-06-22T16:52:31+00:00,victory,20517,20269
4712,2026-06-23T14:17:05+00:00,victory,20596,20865
4713,2026-06-23T14:32:57+00:00,defeat_by_dq,20526,20553
4714,2026-06-23T14:51:22+00:00,defeat_by_dq,20457,20554
4715,2026-06-25T13:51:47+00:00,defeat_by_dq,20385,20424
4716,2026-06-25T14:04:08+00:00,victory,20462,20540
4717,2026-06-25T14:16:05+00:00,victory,20528,20311
4718,2026-06-25T14:36:24+00:00,defeat,20474,21036
4719,2026-06-25T15:04:34+00:00,defeat_by_dq,20392,20074
4720,2026-06-25T15:16:33+00:00,victory,20453,20019
4721,2026-06-25T15:21:40+00:00,defeat_by_dq,20411,21373
4722,2026-06-25T15:32:47+00:00,defeat_by_dq,20341,20414
4723,2026-06-27T14:15:54+00:00,defeat_by_dq,20272,20305
4724,2026-06-27T14:26:16+00:00,defeat_by_dq,20189,20006
4725,2026-06-27T14:35:10+00:00,victory,20270,19923
4726,2026-06-27T14:50:52+00:00,victory,20348,20407
4727,2026-06-27T15:03:07+00:00,victory,20431,20727
4728,2026-06-27T15:27:48+00:00,defeat_by_dq,20366,20650
4729,2026-06-28T14:34:43+00:00,victory,20441,20478
4730,2026-06-28T14:48:28+00:00,victory,20487,19452
4731,2026-06-28T14:51:00+00:00,no_contest,20487,19912
4732,2026-06-28T14:59:59+00:00,victory,20530,19403
4733,2026-06-28T15:06:59+00:00,defeat_by_dq,20477,21045
4734,2026-06-28T15:26:13+00:00,victory,20543,20369
4735,2026-06-28T15:40:05+00:00,victory,20599,20077
4736,2026-06-28T15:49:03+00:00,defeat,20554,21344
4737,2026-06-29T15:27:47+00:00,victory,20616,20333
4738,2026-06-29T15:38:07+00:00,defeat_by_dq,20561,20997
4739,2026-06-29T15:51:07+00:00,defeat_by_dq,20482,20220
4740,2026-06-29T16:06:36+00:00,victory,20532,19706
4741,2026-06-29T16:14:45+00:00,defeat_by_dq,20467,20704
4742,2026-06-29T16:23:35+00:00,victory,20524,19982
4743,2026-06-29T16:40:49+00:00,defeat_by_dq,20460,20697
4744,2026-06-30T15:14:42+00:00,victory,20514,19876
4745,2026-06-30T15:24:38+00:00,defeat_by_dq,20473,21427
4746,2026-06-30T15:34:58+00:00,victory,20545,20567
4747,2026-06-30T15:53:39+00:00,defeat_by_dq,20480,20686
4748,2026-07-01T14:29:21+00:00,defeat,20415,20602
4749,2026-07-01T14:43:07+00:00,victory,20489,20517
4750,2026-07-01T14:56:11+00:00,defeat,20425,20686
4751,2026-07-01T15:05:09+00:00,victory,20488,20180
4752,2026-07-01T15:21:10+00:00,victory,20569,20866
4753,2026-07-01T15:36:21+00:00,defeat_by_dq,20487,20089
4754,2026-07-01T15:49:05+00:00,defeat,20441,21264
4755,2026-07-01T15:57:02+00:00,victory,20517,20649
4756,2026-07-02T16:33:45+00:00,defeat_by_dq,20439,20222
4757,2026-07-02T16:47:26+00:00,victory,20497,20002
4758,2026-07-02T17:05:06+00:00,defeat_by_dq,20414,19997
4759,2026-07-02T17:14:54+00:00,defeat_by_dq,20338,20252
4760,2026-07-02T17:27:19+00:00,defeat_by_dq,20265,20336
4761,2026-07-02T17:45:40+00:00,victory,20373,20834
4762,2026-07-03T13:37:30+00:00,victory,20441,20257
4763,2026-07-03T13:50:55+00:00,victory,20515,20604
4764,2026-07-03T14:02:53+00:00,victory,20595,20896
4765,2026-07-03T14:14:13+00:00,defeat_by_dq,20528,20634
4766,2026-07-03T14:24:10+00:00,defeat,20459,20510
4767,2026-07-03T14:40:13+00:00,victory,20516,20017
4768,2026-07-04T14:37:53+00:00,defeat_by_dq,20462,21011
4769,2026-07-04T14:53:19+00:00,victory,20549,21059
4770,2026-07-04T15:06:47+00:00,victory,20610,20294
4771,2026-07-04T15:22:23+00:00,victory,20693,21142
4772,2026-07-04T15:35:13+00:00,defeat_by_dq,20636,20999
4773,2026-07-04T15:45:54+00:00,victory,20683,19812
4774,2026-07-04T15:56:04+00:00,defeat_by_dq,20632,21198
4775,2026-07-05T15:07:27+00:00,defeat_by_dq,20565,20635
4776,2026-07-05T15:17:39+00:00,victory,20615,19861
4777,2026-07-05T15:29:51+00:00,defeat_by_dq,20554,20862
4778,2026-07-05T15:45:52+00:00,victory,20633,20914
4779,2026-07-06T13:53:17+00:00,victory,20687,20196
4780,2026-07-06T14:06:36+00:00,victory,20754,20747
4781,2026-07-06T14:20:27+00:00,victory,20822,20856
4782,2026-07-06T14:32:20+00:00,victory,20878,20593
4783,2026-07-06T14:44:07+00:00,defeat_by_dq,20825,21184
4784,2026-07-06T14:56:54+00:00,victory,20891,20945
4785,2026-07-07T13:28:03+00:00,defeat,20820,20604
4786,2026-07-07T13:43:32+00:00,victory,20880,20732
4787,2026-07-07T13:59:54+00:00,victory,20940,20772
4788,2026-07-07T14:10:42+00:00,defeat,20895,21459
4789,2026-07-08T14:40:47+00:00,victory,20952,20732
4790,2026-07-08T14:57:42+00:00,defeat,20885,20760
4791,2026-07-08T15:06:02+00:00,defeat_by_dq,20835,21298
4792,2026-07-08T15:16:35+00:00,victory,20890,20553
4793,2026-07-09T13:15:54+00:00,victory,20958,21118
4794,2026-07-09T13:31:02+00:00,defeat_by_dq,20897,20881
4795,2026-07-09T13:44:22+00:00,victory,20935,19912
4796,2026-07-09T13:51:39+00:00,defeat,20888,21392
4797,2026-07-09T14:05:11+00:00,victory,20942,20626
4798,2026-07-09T14:22:15+00:00,victory,20990,20465
4799,2026-07-09T14:37:48+00:00,defeat,20941,21348
4800,2026-07-10T13:36:10+00:00,defeat,20875,20789
4801,2026-07-10T13:51:28+00:00,victory,20934,20777
4802,2026-07-10T14:02:50+00:00,defeat,20869,20765
4803,2026-07-10T14:13:00+00:00,victory,20924,20625
4804,2026-07-10T14:24:09+00:00,victory,20983,20848
4805,2026-07-10T14:40:26+00:00,defeat,20943,21662
4806,2026-07-11T14:25:00+00:00,defeat,20888,21131
4807,2026-07-11T14:39:39+00:00,victory,20942,20616
4808,2026-07-12T14:27:13+00:00,defeat_by_dq,20883,21029
4809,2026-07-12T14:41:04+00:00,defeat_by_dq,20828,21105
4810,2026-07-12T14:52:13+00:00,defeat_by_dq,20744,20081
4811,2026-07-12T15:06:07+00:00,victory,20812,20854
4812,2026-07-12T15:20:40+00:00,victory,20880,20970
4813,2026-07-12T15:30:01+00:00,defeat_by_dq,20816,20803
4814,2026-07-12T15:41:03+00:00,defeat,20751,20777
4815,2026-07-12T15:53:36+00:00,victory,20807,20453
4816,2026-07-13T16:33:18+00:00,victory,20872,20904
4817,2026-07-13T16:48:33+00:00,victory,20927,20635
4818,2026-07-13T17:04:36+00:00,victory,20987,20906
4819,2026-07-14T14:14:32+00:00,victory,21049,21078
4820,2026-07-14T14:33:31+00:00,victory,21107,21061
4821,2026-07-14T14:59:17+00:00,defeat,21044,20912
4822,2026-07-15T13:20:53+00:00,defeat_by_dq,20986,21086
4823,2026-07-15T13:36:13+00:00,defeat,20921,20803
4824,2026-07-15T13:50:54+00:00,victory,20973,20608
4825,2026-07-15T14:04:49+00:00,victory,21022,20564
4826,2026-07-15T14:24:25+00:00,victory,21074,20776
4827,2026-07-15T14:32:20+00:00,defeat_by_dq,21022,21281
4828,2026-07-16T13:36:00+00:00,defeat,20959,20891
4829,2026-07-16T13:46:57+00:00,defeat,20907,21250
4830,2026-07-16T14:02:38+00:00,victory,20956,20448
4831,2026-07-16T14:18:20+00:00,defeat_by_dq,20899,20968
4832,2026-07-16T14:33:54+00:00,victory,20947,20404
4833,2026-07-16T14:44:22+00:00,victory,21005,20868
4834,2026-07-17T14:00:59+00:00,victory,21056,20739
4835,2026-07-17T14:09:34+00:00,defeat,20997,21042
4836,2026-07-17T14:19:47+00:00,victory,21026,19548
4837,2026-07-17T14:31:11+00:00,defeat_by_dq,20971,21180
4838,2026-07-17T14:46:00+00:00,defeat_by_dq,20903,20723
4839,2026-07-17T14:55:25+00:00,victory,20960,20743
4840,2026-07-17T15:05:25+00:00,defeat_by_dq,20893,20761
4841,2026-07-18T13:23:02+00:00,defeat_by_dq,20841,21219
4842,2026-07-18T13:38:29+00:00,defeat,20783,21000
4843,2026-07-18T13:46:19+00:00,defeat_by_dq,20745,21616
4844,2026-07-18T14:01:45+00:00,victory,20786,19795
4845,2026-07-18T14:14:52+00:00,defeat,20710,20331
4846,2026-07-18T14:23:50+00:00,defeat_by_dq,20656,21120
4847,2026-07-18T14:37:05+00:00,victory,20716,20408
4848,2026-07-19T14:31:03+00:00,defeat_by_dq,20659,21021
4849,2026-07-19T14:40:36+00:00,victory,20722,20559
4850,2026-07-19T14:57:18+00:00,defeat_by_dq,20658,20758
4851,2026-07-20T13:36:34+00:00,defeat_by_dq,20604,21078
4852,2026-07-20T13:49:47+00:00,victory,20668,20481
4853,2026-07-20T14:01:26+00:00,victory,20737,20794
4854,2026-07-20T14:18:53+00:00,defeat_by_dq,20678,20920
4855,2026-07-20T14:33:41+00:00,victory,20744,20700
4856,2026-07-20T14:49:30+00:00,victory,20784,19791
4857,2026-07-21T12:53:50+00:00,defeat_by_dq,20711,20446
4858,2026-07-21T13:13:10+00:00,defeat_by_dq,20641,20575
4859,2026-07-21T13:25:59+00:00,defeat_by_dq,20574,20624
4860,2026-07-21T13:41:01+00:00,victory,20640,20552
4861,2026-07-22T14:28:25+00:00,defeat_by_dq,20577,20769
4862,2026-07-22T14:39:14+00:00,victory,20626,19840
4863,2026-07-22T14:53:37+00:00,victory,20677,20043
4864,2026-07-22T15:10:28+00:00,victory,20725,20017
4865,2026-07-22T15:31:31+00:00,defeat_by_dq,20663,20830
4866,2026-07-23T15:32:11+00:00,defeat,20633,21843
4867,2026-07-23T15:43:03+00:00,defeat_by_dq,20569,20766
4868,2026-07-23T15:53:32+00:00,defeat_by_dq,20513,20966
4869,2026-07-23T16:11:51+00:00,defeat,20432,20150
4870,2026-07-23T16:23:44+00:00,victory,20484,19687
4871,2026-07-24T14:21:34+00:00,victory,20552,20464
4872,2026-07-24T14:33:20+00:00,victory,20603,19897
4873,2026-07-24T14:48:43+00:00,victory,20658,20139
4874,2026-07-25T15:19:11+00:00,defeat,20600,20934
4875,2026-07-25T15:32:23+00:00,victory,20643,19602
4876,2026-07-25T15:44:26+00:00,victory,20688,19778
4877,2026-07-25T15:57:23+00:00,victory,20743,20296
4878,2026-07-25T16:16:36+00:00,victory,20801,20491
4879,2026-07-25T16:25:25+00:00,defeat,20754,21360
4880,2026-07-26T13:04:25+00:00,victory,20819,20786
4881,2026-07-26T13:27:45+00:00,victory,20875,20555
4882,2026-07-26T13:34:49+00:00,nullified,20802,20298
4883,2026-07-26T13:44:32+00:00,defeat_by_dq,20744,21026
4884,2026-07-26T13:48:18+00:00,defeat_by_dq,20708,21486
4885,2026-07-26T13:59:58+00:00,defeat_by_dq,20633,20417
4886,2026-07-26T14:10:51+00:00,victory,20709,20945
4887,2026-07-26T14:22:54+00:00,defeat_by_dq,20649,20897
4888,2026-07-26T14:37:33+00:00,defeat_by_dq,20588,20865
4889,2026-07-27T14:11:06+00:00,defeat_by_dq,20544,21197
4890,2026-07-27T14:28:00+00:00,defeat_by_dq,20472,20454
4891,2026-07-27T14:30:31+00:00,no_contest,20472,20241
4892,2026-07-27T14:44:01+00:00,victory,20519,19568
4893,2026-07-28T13:42:02+00:00,defeat_by_dq,20448,20498
4894,2026-07-28T13:56:42+00:00,victory,20539,20645
4895,2026-07-28T14:11:27+00:00,defeat_by_dq,20502,21501
4896,2026-07-28T14:28:56+00:00,victory,20590,21106
4897,2026-07-29T14:19:51+00:00,defeat_by_dq,20625,21439
4898,2026-07-29T14:34:43+00:00,defeat_by_dq,20567,20954
4899,2026-07-29T14:49:49+00:00,defeat_by_dq,20478,19859
4900,2026-07-29T14:58:36+00:00,victory,20535,20004
4901,2026-07-30T12:44:31+00:00,defeat_by_dq,20455,20198
4902,2026-07-30T12:53:27+00:00,victory,20543,20536
4903,2026-07-30T13:01:52+00:00,defeat_by_dq,20480,20781
4904,2026-07-30T13:13:56+00:00,victory,20543,19817
4905,2026-07-30T13:24:15+00:00,victory,20619,20788
4906,2026-07-30T13:40:02+00:00,defeat_by_dq,20549,20541
4907,2026-07-31T13:54:54+00:00,victory,20590,19416
4908,2026-07-31T14:03:48+00:00,defeat_by_dq,20538,21135
4909,2026-07-31T14:22:06+00:00,defeat,20459,20207
4910,2026-07-31T14:37:39+00:00,defeat_by_dq,20370,20843
4911,2026-07-31T14:48:02+00:00,victory,20444,20020
4912,2026-07-31T14:59:19+00:00,victory,20508,19803
4913,2026-07-31T15:14:09+00:00,victory,20588,20861
4914,2026-08-01T13:47:20+00:00,victory,20647,20266
4915,2026-08-01T13:59:40+00:00,defeat_by_dq,20584,20703
4916,2026-08-01T14:21:26+00:00,victory,20635,19951
4917,2026-08-01T14:37:14+00:00,victory,20667,19012
4918,2026-08-01T14:55:36+00:00,defeat_by_dq,20593,20437
4919,2026-08-01T15:07:46+00:00,defeat,20499,19634
4920,2026-08-02T13:02:58+00:00,victory,20561,20210
4921,2026-08-02T13:27:09+00:00,defeat_by_dq,20492,20600
4922,2026-08-02T13:39:33+00:00,defeat_by_dq,20397,20737
4923,2026-08-02T13:49:29+00:00,victory,20484,20434
4924,2026-08-02T14:00:45+00:00,victory,20561,20302
4925,2026-08-02T14:16:31+00:00,victory,20612,19911
4926,2026-08-03T13:50:21+00:00,defeat_by_dq,20553,20889
4927,2026-08-03T14:09:23+00:00,defeat_by_dq,20488,20693
4928,2026-08-03T14:10:52+00:00,no_contest,20488,21297
4929,2026-08-03T14:24:24+00:00,defeat,20393,20738
4930,2026-08-03T14:35:24+00:00,victory,20464,19949
4931,2026-08-03T14:44:57+00:00,defeat_by_dq,20341,20091
4932,2026-08-03T14:57:12+00:00,victory,20407,19687
4933,2026-08-03T15:12:33+00:00,defeat,20316,20768
4934,2026-08-03T15:28:46+00:00,victory,20412,20594
4935,2026-08-04T13:13:17+00:00,victory,20510,20772
4936,2026-08-04T13:28:08+00:00,defeat,20444,20656
4937,2026-08-04T13:35:25+00:00,victory,20514,20022
4938,2026-08-04T13:45:44+00:00,victory,20584,20566
4939,2026-08-04T13:52:28+00:00,defeat_by_dq,20522,20792
4940,2026-08-04T13:58:54+00:00,victory,20598,20765
4941,2026-08-04T14:10:23+00:00,defeat_by_dq,20526,20453
4942,2026-08-04T14:24:08+00:00,victory,20579,19963
4943,2026-08-05T14:15:11+00:00,defeat_by_dq,20524,20998
4944,2026-08-05T14:35:30+00:00,victory,20596,20787
4945,2026-08-05T14:49:12+00:00,defeat_by_dq,20549,21278
4946,2026-08-06T13:34:53+00:00,defeat_by_dq,20488,20812
4947,2026-08-06T13:50:23+00:00,victory,20570,20455
4948,2026-08-06T13:59:21+00:00,victory,20617,19779
4949,2026-08-06T14:08:41+00:00,victory,20693,20917
4950,2026-08-06T14:35:40+00:00,defeat,20615,20266
4951,2026-08-07T13:27:55+00:00,victory,20664,19763
4952,2026-08-07T13:42:43+00:00,victory,20750,21317
4953,2026-08-07T14:00:27+00:00,defeat,20684,20730
4954,2026-08-08T13:03:24+00:00,defeat,20628,20935
4955,2026-08-08T13:14:31+00:00,defeat_by_dq,20552,20354
4956,2026-08-08T13:34:10+00:00,victory,20629,20840
4957,2026-08-08T13:49:17+00:00,defeat_by_dq,20553,20349
4958,2026-08-10T12:50:12+00:00,victory,20624,20635
4959,2026-08-10T13:07:50+00:00,defeat_by_dq,20583,21401
4960,2026-08-11T14:32:18+00:00,defeat_by_dq,20520,20769
4961,2026-08-11T14:54:22+00:00,defeat_by_dq,20417,20585
4962,2026-08-11T15:09:22+00:00,victory,20514,20756
4963,2026-08-11T15:24:31+00:00,victory,20580,20014
4964,2026-08-11T15:39:10+00:00,defeat_by_dq,20519,20799
4965,2026-08-11T15:48:51+00:00,victory,20585,20013
4966,2026-08-11T16:02:01+00:00,defeat,20520,20719
4967,2026-08-13T13:11:10+00:00,victory,20605,20611
4968,2026-08-13T13:20:39+00:00,defeat_by_dq,20541,20730
4969,2026-08-13T13:45:18+00:00,victory,20603,19904
4970,2026-08-13T13:58:53+00:00,victory,20670,20596
4971,2026-08-13T14:12:16+00:00,defeat,20603,20660
4972,2026-08-14T13:41:10+00:00,defeat_by_dq,20521,20095
4973,2026-08-14T13:55:58+00:00,defeat,20402,20176
4974,2026-08-14T13:59:31+00:00,victory,20467,19791
4975,2026-08-14T14:04:37+00:00,victory,20545,20245
4976,2026-08-14T14:20:12+00:00,defeat,20486,20866
4977,2026-08-14T14:28:26+00:00,defeat_by_dq,20426,21464
4978,2026-08-14T14:36:36+00:00,victory,20502,20145
4979,2026-08-14T14:48:25+00:00,defeat_by_dq,20417,20929
4980,2026-08-14T14:54:21+00:00,victory,20502,20414
4981,2026-08-14T15:06:43+00:00,victory,20593,20770
